,PID_79,HHID_79,year_born,Earnings,HGC_Age28,AFQT
5,6,5,60,57623.8566667,16.0,99.392998
6,7,7,64,34636.081,12.0,47.411999
8,9,9,63,48700.85825,14.0,59.682999
12,13,13,58,56102.037,16.0,72.313004
14,15,15,64,0.0,16.0,82.260002
16,17,17,57,63720.7945,13.0,89.668999
17,18,17,58,186308.02325,13.0,95.976997
23,24,23,61,46192.547,12.0,66.028999
33,34,34,58,39923.8315,13.0,6.0689998
38,39,39,59,92668.40575,12.0,26.851
39,40,40,60,699.8938625,13.0,38.418999
40,41,40,62,122104.134,15.0,57.095001
41,42,42,63,58698.8,12.0,22.326
46,47,47,59,77377.581,12.0,75.473
58,59,58,59,49926.6173333,12.0,98.841003
59,60,58,61,80272.641,12.0,82.980003
62,63,63,60,165536.885,16.0,87.933998
66,67,67,58,290577.16,17.0,93.246002
68,69,69,64,90610.94275,18.0,86.703003
70,71,70,63,221667.17,19.0,98.077003
75,76,74,64,40865.5625,14.0,42.779999
78,79,78,60,271677.325,18.0,96.084
79,80,80,63,16910.534,17.0,78.759003
80,81,80,64,30900.466,19.0,29.497
89,90,90,58,115757.12275,16.0,80.297997
92,93,93,64,68352.02075,12.0,28.438
100,101,101,58,101038.8155,19.0,87.367996
102,103,103,58,72131.88675,18.0,76.420998
105,106,106,61,98315.97,16.0,87.651001
106,107,107,62,50821.2265,16.0,65.347
107,108,107,58,66342.17325,20.0,96.818001
109,110,110,57,81305.7325,12.0,64.696999
116,117,115,59,70265.667,15.0,98.348999
118,119,118,57,37637.713,16.0,27.671
119,120,120,62,226482.405,16.0,97.847
121,122,122,61,55919.689,12.0,52.132
124,125,124,57,8575.68036667,13.0,32.106998
125,126,124,58,65625.48325,14.0,67.259003
128,129,129,60,87012.7225,16.0,92.817001
133,134,134,61,81516.258,12.0,47.098
134,135,134,64,41218.8077137,15.0,38.314999
138,139,137,63,49698.5675,15.0,79.832001
144,145,145,62,17360.855,12.0,62.606998
145,146,145,64,53676.19925,12.0,86.931999
147,148,148,63,41839.446,12.0,74.997002
149,150,150,59,18916.8582675,12.0,38.129002
154,155,155,63,56655.591,9.0,47.002998
155,156,156,57,20739.0215,11.0,4.9749999
161,162,162,61,95503.69525,16.0,98.252998
165,166,165,62,68885.6875,13.0,58.431999
170,171,171,62,89146.408,16.0,82.207001
176,177,175,60,81516.258,12.0,51.881001
177,178,178,58,48954.068,13.0,77.068001
184,185,183,64,27257.6855,12.0,77.154999
188,189,189,58,77755.081,15.0,59.285999
190,191,190,63,124609.04225,19.0,89.269997
192,193,193,58,109063.83925,16.0,45.527
193,194,193,64,221667.17,16.0,68.737999
194,195,195,59,271677.325,17.0,87.917
195,196,196,64,174986.7225,18.0,95.116997
197,198,198,63,115310.10575,18.0,64.238998
198,199,199,59,62225.44925,12.0,19.225
200,201,201,57,275799.35,16.0,86.602997
201,202,202,60,37447.2735,14.0,73.183998
206,207,206,62,17957.33975,9.0,25.802
208,209,209,60,24835.7115,11.0,49.080002
209,210,210,62,45784.7343333,16.0,59.040001
211,212,212,61,52310.25875,12.0,57.813999
212,213,212,62,57367.599,16.0,99.459999
213,214,212,64,97213.0745,15.0,79.883003
217,218,218,57,271677.325,16.0,81.446999
229,230,230,64,48338.544,15.0,34.084
231,232,231,61,38823.8955,14.0,55.779999
232,233,231,64,46534.1425,12.0,31.472
233,234,234,61,156127.6975,12.0,35.460999
234,235,235,63,89523.96675,15.0,61.313
242,243,242,58,57075.66375,12.0,62.957001
246,247,247,59,79282.113,17.0,52.543999
247,248,247,61,12349.10725,12.0,8.2609997
252,253,253,64,17728.6485,11.0,34.744999
256,257,256,64,23139.80625,12.0,58.214001
258,259,258,59,34659.842575,12.0,56.348
259,260,260,61,62220.7335,14.0,83.226997
260,261,260,63,69000.3006667,14.0,73.360001
267,268,268,58,0.0,12.0,49.643002
268,269,269,59,271677.325,16.0,83.697998
272,273,272,59,76230.49225,15.0,64.372002
273,274,274,60,26715.42125,13.0,88.343002
276,277,277,59,27718.063,12.0,32.567001
278,279,279,62,48191.6875,12.0,59.271999
280,281,281,61,111492.615,18.0,72.768997
295,296,296,63,67446.26,12.0,25.280001
307,308,307,61,39839.1093333,12.0,10.489
308,309,309,59,85637.81625,12.0,27.778999
309,310,309,60,14813.587,12.0,18.490999
310,311,309,64,50657.25975,12.0,24.684999
312,313,312,63,45759.802,11.0,30.794001
314,315,315,64,4415.46425,12.0,4.138
315,316,316,64,37595.462,12.0,18.097
316,317,317,59,46758.4465,16.0,78.738998
317,318,318,63,22665.1523333,12.0,19.254
319,320,319,60,107665.55925,12.0,68.031998
322,323,323,59,100029.8995,12.0,65.824997
323,324,323,62,11237.09825,9.0,10.373
341,342,341,63,86439.45325,16.0,95.123001
345,346,346,62,110693.945667,16.0,43.221001
347,348,348,57,250225.6425,12.0,36.154999
348,349,348,58,127195.213333,13.0,35.208
349,350,348,62,70529.91025,17.0,47.18
350,351,351,59,94348.52425,12.0,19.021
352,353,353,59,0.0,12.0,53.498001
354,355,353,64,165187.7055,12.0,55.480999
355,356,356,62,59448.73825,11.0,41.793999
356,357,357,58,85570.16425,16.0,68.746002
357,358,357,61,95799.40925,16.0,28.374001
360,361,361,58,259311.25,16.0,72.327003
361,362,362,57,46095.6485,12.0,19.625
363,364,364,59,91497.34125,16.0,87.760002
365,366,364,63,0.0,16.0,61.883999
374,375,373,60,30588.9446667,12.0,11.374
375,376,376,60,51430.6445,13.0,83.169998
391,392,392,59,59167.70725,12.0,93.141998
392,393,392,62,76146.4005,12.0,76.767998
402,403,403,57,2037.90656667,7.0,3.253
405,406,404,63,36520.33775,13.0,43.726002
407,408,408,61,81958.36325,12.0,85.101997
408,409,409,57,142984.28,16.0,90.513
409,410,410,60,34826.82825,12.0,68.614998
410,411,411,62,23185.3083333,12.0,18.169001
411,412,411,64,36680.61725,13.0,64.607002
414,415,415,62,54464.39425,10.0,9.5369997
416,417,416,60,50404.30675,12.0,55.338001
418,419,419,63,32615.07725,12.0,48.515999
419,420,419,64,36053.791,12.0,66.044998
420,421,421,57,102459.902333,19.0,100.0
421,422,421,58,67023.51375,19.0,99.378998
423,424,424,57,62244.2395,12.0,89.433998
431,432,432,59,49453.199,12.0,1.513
432,433,432,60,26217.3046667,12.0,1.622
433,434,434,63,54351.88275,12.0,65.734001
434,435,435,61,77033.0426667,12.0,26.121
440,441,441,63,21704.23425,12.0,10.989
442,443,443,61,43706.5995,14.0,97.364998
444,445,444,64,50688.8975,16.0,93.639
446,447,447,62,21364.7183333,12.0,16.163
449,450,449,61,37735.4493333,12.0,27.423
450,451,449,64,47551.152,12.0,39.692001
452,453,453,60,47347.7813333,12.0,72.198997
455,456,456,58,45235.544,16.0,48.986
456,457,456,60,60832.204,16.0,78.555
460,461,461,61,76623.164,16.0,90.490997
462,463,463,59,26177.191,12.0,79.958
463,464,464,59,73073.36525,14.0,79.330002
467,468,468,58,90810.21325,16.0,90.968002
469,470,470,62,26460.783,11.0,11.35
476,477,477,63,16276.046225,12.0,32.912998
478,479,479,63,112997.185,12.0,76.189003
479,480,480,57,53541.87025,18.0,51.896
480,481,481,57,138568.6925,19.0,93.653
481,482,481,59,110490.0075,19.0,77.990997
482,483,483,57,63590.9445,12.0,47.109001
483,484,483,61,25401.1875,12.0,13.303
485,486,485,63,93645.511,12.0,50.498001
487,488,487,63,47999.07175,12.0,56.470001
488,489,489,61,96988.533,14.0,59.585999
492,493,490,64,34193.36862,13.0,73.292
501,502,502,60,93736.576,12.0,71.792
504,505,505,59,23121.7154475,12.0,26.497999
507,508,507,63,39454.6913333,12.0,23.98
525,526,526,59,288347.376667,12.0,13.105
530,531,530,57,13586.043,9.0,5.9349999
533,534,533,63,44698.254,11.0,0.98199999
534,535,535,64,22162.666,10.0,33.208
536,537,536,63,679.30219,11.0,1.3559999
537,538,538,58,4075.813,12.0,15.896
539,540,539,62,44744.3476667,12.0,16.138
542,543,543,59,88250.05225,12.0,21.108
544,545,545,59,95102.305,13.0,54.445999
546,547,546,57,62786.091,11.0,45.743999
548,549,549,61,42043.7685,12.0,42.319
552,553,552,61,55108.87025,16.0,99.153999
553,554,552,63,14.81358725,16.0,91.427002
555,556,556,57,202032.575,16.0,86.422997
558,559,559,60,74308.66975,16.0,95.07
559,560,560,59,23011.096,14.0,62.344002
561,562,561,62,58629.05575,20.0,64.431999
563,564,564,58,40758.129,13.0,33.667999
564,565,564,60,44055.75175,13.0,35.041
568,569,569,60,43475.34,12.0,87.453003
569,570,569,64,94105.1355,12.0,100.0
570,571,571,64,59264.91,13.0,75.726997
572,573,573,61,62605.5605,17.0,69.446999
574,575,575,57,33709.33455,19.0,99.707001
577,578,575,60,47693.30475,16.0,98.252998
580,581,581,58,47076.1845,12.0,93.782997
582,583,583,57,67410.336,13.0,73.325996
583,584,584,59,21973.838,10.0,37.337002
599,600,600,61,70835.463,16.0,59.737
604,605,605,63,78537.75975,12.0,56.187
605,606,605,64,54230.1455,13.0,72.781998
609,610,607,63,11850.869,12.0,32.629002
612,613,613,62,79584.504,12.0,35.747002
615,616,615,63,44178.3155,12.0,9.1409998
628,629,629,61,22890.4745,8.0,3.3629999
629,630,629,63,26283.7285,8.0,7.6659999
630,631,631,58,43608.252,11.0,22.379
636,637,637,64,48522.13,13.0,66.431
637,638,638,61,80757.0835,13.0,52.167
638,639,638,63,38999.47025,12.0,60.396
640,641,641,61,35672.66025,11.0,8.5959997
643,644,644,58,206849.5125,18.0,90.120003
644,645,644,61,200543.8325,16.0,86.137001
646,647,647,60,62200.8585,12.0,43.472
648,649,649,57,124495.4575,17.0,85.540001
652,653,653,60,78672.334,18.0,90.095001
658,659,658,59,58996.74525,12.0,39.785999
662,663,663,62,77958.5245,16.0,76.234001
665,666,666,60,908.9063,12.0,6.8449998
666,667,666,64,60881.044,14.0,70.912003
668,669,669,61,37212.298,12.0,79.232002
683,684,684,59,86277.629,12.0,29.000999
684,685,684,62,8462.213375,12.0,55.366001
685,686,684,63,58371.028,18.0,79.313004
686,687,687,60,43081.3535,12.0,88.751999
689,690,690,62,54799.259,12.0,72.906998
696,697,697,57,77884.29425,12.0,14.729
699,700,699,62,10570.36575,10.0,22.135
700,701,701,60,13487.98955,9.0,10.566
701,702,701,61,1134.18456,12.0,31.226
706,707,707,62,61072.20325,14.0,31.469
708,709,708,60,8521.96,12.0,26.594
710,711,710,61,52609.07025,12.0,38.582001
713,714,713,64,24215.8416333,11.0,26.688
714,715,715,59,51572.026,10.0,16.549999
715,716,715,61,37427.08,12.0,15.84
716,717,715,62,45886.50675,12.0,30.429001
717,718,718,59,50803.4493333,12.0,63.638
718,719,719,58,45182.796,12.0,6.8179998
721,722,722,58,58980.25075,11.0,38.013
724,725,724,63,82868.0725,17.0,97.319
727,728,728,64,37573.585,12.0,20.132999
728,729,729,59,206849.5125,12.0,69.855003
729,730,730,60,115581.8015,15.0,70.603996
730,731,731,57,257185.193333,12.0,46.018002
731,732,731,59,75049.685,12.0,51.016998
734,735,735,61,49670.3715,12.0,21.568001
736,737,735,63,13923.349,12.0,19.153
740,741,741,64,4617.22175,12.0,40.408001
741,742,742,58,112252.07,16.0,64.449997
749,750,750,62,64867.011,12.0,16.799999
750,751,750,63,64073.704,16.0,28.746
765,766,766,60,37974.0505,12.0,8.099
766,767,767,62,2717.20875,9.0,9.2620001
768,769,769,60,30136.675,12.0,34.236
771,772,772,59,68199.746,12.0,52.481998
773,774,774,60,36276.8285,12.0,53.534
775,776,776,61,141389.77625,17.0,97.087997
776,777,776,62,102010.1205,16.0,79.849998
777,778,776,64,55345.07025,16.0,89.793999
790,791,791,63,52089.959,12.0,83.138
792,793,793,58,48607.0745,16.0,61.347
794,795,794,63,33876.3022,13.0,49.077999
795,796,796,60,68910.38575,16.0,94.119003
796,797,796,61,107877.445,12.0,68.375
798,799,798,63,63838.21075,12.0,34.050999
799,800,800,60,57043.3135,13.0,32.077999
801,802,801,61,46516.77925,12.0,17.362
805,806,806,61,61593.74,12.0,13.465
806,807,806,62,84708.90025,16.0,76.332001
808,809,809,57,34627.2866667,19.0,90.819
812,813,813,59,36972.52025,20.0,85.915001
814,815,815,59,22895.0415,12.0,66.540001
816,817,817,64,80502.572,16.0,81.324997
817,818,818,57,66020.2943333,13.0,35.569
818,819,818,61,32267.173,14.0,21.881001
822,823,823,61,27879.39425,13.0,24.129
824,825,825,58,80638.5605,17.0,89.264
826,827,827,59,163730.05375,16.0,92.042
843,844,843,63,8888.1525,12.0,36.845001
849,850,848,61,76929.06825,13.0,82.620003
850,851,851,60,45044.9375,12.0,55.782001
858,859,859,60,56112.0235,12.0,23.25
859,860,859,61,35718.17425,12.0,69.282997
862,863,863,59,76587.2815,12.0,38.088001
863,864,863,62,59778.594,16.0,32.785999
864,865,865,59,42655.2853333,12.0,58.337002
867,868,868,60,41557.42175,13.0,91.599998
869,870,870,63,26906.70325,12.0,9.5050001
870,871,870,64,42368.32775,10.0,70.262001
871,872,872,60,144791.6275,14.0,71.872002
873,874,872,63,83331.35925,17.0,94.975998
880,881,881,60,86275.22075,16.0,80.898003
881,882,881,62,57538.28975,16.0,64.498001
884,885,885,61,43470.7866667,15.0,81.330002
887,888,888,58,66395.55975,12.0,21.826
889,890,890,59,271677.325,19.0,82.755997
890,891,890,60,58309.835,12.0,42.935001
898,899,899,57,38667.089,15.0,83.208
901,902,902,62,65553.417,17.0,82.489998
906,907,907,60,14341.984975,16.0,93.431999
907,908,907,61,31758.762324,16.0,82.464996
912,913,912,63,107048.38325,18.0,93.463997
915,916,916,59,43377.3586667,16.0,82.189003
916,917,917,59,26302.9675,12.0,25.521999
918,919,919,59,30066.399,12.0,39.872002
919,920,919,62,117905.14375,16.0,86.876999
920,921,919,64,72831.34575,12.0,7.9829998
921,922,922,60,71358.09875,12.0,55.884998
923,924,924,61,186817.25,16.0,83.945999
924,925,925,57,114289.605,16.0,78.851997
928,929,929,64,37397.91125,12.0,75.258003
930,931,931,57,87789.297,12.0,71.322998
936,937,935,62,73517.62525,14.0,84.973999
937,938,935,63,43892.737,12.0,21.712
940,941,941,58,60056.97175,13.0,44.223999
943,944,944,59,54837.373,16.0,97.299004
944,945,945,58,48066.8565,16.0,51.522999
945,946,945,62,47160.9415,16.0,84.064003
946,947,947,57,79783.00775,13.0,77.263
950,951,951,63,79175.41625,12.0,52.109001
954,955,955,58,47399.70125,12.0,45.546001
955,956,955,63,29010.84575,13.0,55.542999
957,958,958,59,0.0,12.0,41.438999
958,959,959,59,106401.04375,14.0,96.442001
959,960,959,61,271677.325,15.0,88.978996
960,961,959,62,129615.245,16.0,88.914001
964,965,965,57,65213.008,12.0,10.95
967,968,968,60,80537.57825,12.0,43.365002
969,970,969,60,133802.5285,12.0,57.553001
972,973,973,62,41380.713,12.0,65.072998
976,977,976,63,60092.79025,12.0,90.863998
979,980,980,58,46280.437,12.0,40.748001
983,984,983,58,43062.44225,16.0,37.730999
984,985,983,58,53307.26725,14.0,52.705002
989,990,989,60,48350.99225,12.0,60.136002
995,996,996,60,35408.2103333,12.0,30.891001
996,997,997,64,49739.34075,12.0,78.723
1002,1003,1003,64,80388.52225,16.0,61.145
1006,1007,1007,58,128692.0425,12.0,47.450001
1009,1010,1010,64,290577.16,16.0,88.407997
1010,1011,1011,63,56487.80675,12.0,34.339001
1012,1013,1012,64,470.44959,14.0,91.198997
1013,1014,1014,60,44374.385,16.0,94.207001
1022,1023,1023,58,69857.7715,16.0,92.319
1041,1042,1042,62,11797.00175,12.0,28.954
1042,1043,1042,63,25177.25725,12.0,3.7320001
1043,1044,1044,64,27146.04225,12.0,4.8709998
1044,1045,1045,59,40801.9725,12.0,65.206001
1045,1046,1045,63,51010.86425,19.0,70.336998
1050,1051,1051,61,69906.9435,18.0,87.785004
1051,1052,1052,62,271677.325,18.0,89.341003
1052,1053,1052,63,134794.3025,16.0,73.413002
1054,1055,1055,60,32101.1164,16.0,77.042999
1059,1060,1060,59,29018.0108667,12.0,33.044998
1060,1061,1061,58,69219.98625,12.0,80.231003
1061,1062,1062,58,106723.0655,12.0,58.977001
1063,1064,1064,57,49096.268,12.0,59.868999
1080,1081,1081,61,39885.1676667,14.0,76.163002
1084,1085,1085,60,35285.19075,12.0,65.317001
1088,1089,1089,62,25476.9913333,8.0,1.6720001
1090,1091,1091,58,33281.583,10.0,51.083
1091,1092,1091,62,30840.3833333,12.0,59.139
1093,1094,1094,58,57980.0315,12.0,32.724998
1095,1096,1096,57,36993.706,11.0,15.428
1096,1097,1097,57,58162.95225,14.0,97.926003
1097,1098,1097,58,201464.78,19.0,98.356003
1098,1099,1097,60,48262.256,13.0,64.442001
1101,1102,1102,58,145288.58,14.0,44.710999
1106,1107,1107,57,71816.97175,12.0,40.507
1108,1109,1108,62,0.0,13.0,72.495003
1133,1134,1133,63,54543.48625,11.0,65.998001
1137,1138,1137,57,95931.514,15.0,58.192001
1142,1143,1142,59,271677.325,16.0,83.528
1143,1144,1142,61,115860.38875,16.0,79.835999
1168,1169,1169,58,30367.6796667,12.0,53.363998
1170,1171,1169,62,118891.377,12.0,26.108999
1173,1174,1174,59,228441.505,16.0,87.82
1175,1176,1176,64,58531.5105,16.0,62.063999
1179,1180,1180,58,182033.93775,13.0,14.174
1184,1185,1184,60,217261.246667,17.0,100.0
1185,1186,1184,62,82019.39825,15.0,58.93
1187,1188,1187,62,51365.06075,15.0,79.064003
1196,1197,1197,64,151878.750333,16.0,74.128998
1197,1198,1197,62,45982.0825,13.0,58.587002
1203,1204,1204,61,31678.789,9.0,0.34900001
1204,1205,1204,62,44284.87,8.0,7.0279999
1228,1229,1228,62,56126.34275,12.0,48.702999
1231,1232,1232,57,39904.7696667,12.0,79.532997
1234,1235,1234,62,29147.5373333,12.0,9.1210003
1236,1237,1237,59,26554.40375,12.0,29.091
1238,1239,1239,61,37194.3283333,13.0,37.980999
1242,1243,1243,62,25899.27565,12.0,51.721001
1246,1247,1246,63,24868.332,12.0,12.838
1248,1249,1249,58,34705.9,12.0,64.561996
1255,1256,1256,62,48199.675,12.0,17.735001
1256,1257,1257,64,15448.057825,12.0,34.120998
1259,1260,1259,59,33741.2236963,9.0,10.889
1264,1265,1265,57,5800.44105,12.0,58.314999
1266,1267,1266,63,38101.7813333,12.0,59.703999
1267,1268,1268,59,94362.15525,16.0,98.101997
1271,1272,1272,59,38349.63075,12.0,37.465
1272,1273,1272,62,21817.49125,13.0,68.375
1274,1275,1275,58,41175.9596667,12.0,0.51899999
1277,1278,1277,60,64219.595,12.0,19.149
1279,1280,1280,60,68511.6425,11.0,33.842999
1281,1282,1282,64,0.0,12.0,28.888
1283,1284,1284,62,26628.9966667,9.0,16.365999
1299,1300,1300,64,42355.8125,8.0,35.903999
1300,1301,1301,59,39265.785,12.0,27.851
1302,1303,1303,63,49883.06925,16.0,75.711998
1306,1307,1306,58,24238.3374,12.0,20.649
1308,1309,1309,61,0.0,13.0,58.331001
1310,1311,1309,57,110500.805,16.0,46.540001
1314,1315,1315,64,271677.325,15.0,70.510002
1315,1316,1316,61,20303.24175,9.0,26.150999
1316,1317,1316,63,74614.371,8.0,26.157
1317,1318,1318,57,41219.6435,8.0,22.660999
1318,1319,1318,62,53368.45025,12.0,6.6290002
1319,1320,1320,57,75813.1015,13.0,100.0
1320,1321,1321,60,44328.621,12.0,51.798
1324,1325,1325,58,231404.22,16.0,82.181
1328,1329,1329,62,18396.28995,9.0,4.631
1329,1330,1329,64,12193.83025,10.0,10.551
1332,1333,1333,59,1125.96415333,12.0,0.44800001
1336,1337,1337,57,43475.34,8.0,7.9489999
1337,1338,1338,60,68770.2035,12.0,66.383003
1339,1340,1340,57,23631.8985,12.0,25.124001
1341,1342,1342,59,4579.71505,9.0,10.129
1344,1345,1345,58,66962.325,12.0,50.722
1345,1346,1345,62,65213.008,12.0,32.361
1350,1351,1349,63,38418.77525,12.0,54.618999
1352,1353,1353,63,57195.531,12.0,50.963001
1356,1357,1357,57,42454.244,12.0,5.401
1357,1358,1357,60,72540.0416667,14.0,45.132
1362,1363,1363,58,135930.7175,16.0,56.984001
1366,1367,1366,60,7000.87325,15.0,85.660004
1367,1368,1366,61,41775.7725,16.0,96.899002
1368,1369,1369,61,68149.43925,12.0,52.740002
1392,1393,1393,58,58433.17975,12.0,66.492996
1395,1396,1396,63,47572.353,12.0,49.765999
1396,1397,1397,57,50028.214,12.0,26.780001
1407,1408,1408,62,96233.077,14.0,60.978001
1416,1417,1416,64,26959.0175,12.0,24.893
1419,1420,1420,62,17724.1829333,8.0,52.880001
1424,1425,1425,62,43721.44725,12.0,77.185997
1428,1429,1429,57,27290.45115,16.0,82.219002
1429,1430,1429,60,46618.4375,16.0,59.004002
1433,1434,1434,61,15390.7395,11.0,1.985
1455,1456,1456,63,4925.0366,8.0,34.476002
1457,1458,1457,59,19025.56425,12.0,39.235001
1461,1462,1462,57,29728.2573333,10.0,33.171001
1465,1466,1466,63,48427.805,12.0,4.4879999
1467,1468,1468,57,54210.381,12.0,36.633999
1470,1471,1470,57,69232.5245,8.0,15.586
1475,1476,1476,63,52465.04875,13.0,39.784
1476,1477,1477,58,56504.37775,16.0,48.936001
1478,1479,1479,61,80286.34775,18.0,97.372002
1491,1492,1492,57,33648.34175,14.0,82.535004
1495,1496,1496,60,91789.71375,16.0,89.32
1499,1500,1500,59,68559.1215,12.0,24.715
1500,1501,1501,63,59101.6915,17.0,97.458
1502,1503,1503,64,64103.42375,19.0,84.661003
1503,1504,1504,57,271677.325,18.0,93.086998
1504,1505,1505,58,47133.05175,14.0,77.445999
1505,1506,1506,59,42895.717,12.0,88.936996
1507,1508,1506,64,46991.033,14.0,96.289001
1508,1509,1509,58,15397.1634,17.0,90.492996
1512,1513,1512,61,0.0,12.0,19.818001
1514,1515,1514,62,85295.42825,12.0,44.772999
1525,1526,1525,58,55345.3565,13.0,81.260002
1541,1542,1541,61,0.0,10.0,15.292
1542,1543,1541,62,48469.801,10.0,19.054001
1544,1545,1541,59,24061.5126667,12.0,8.1370001
1546,1547,1547,60,73818.1955,11.0,43.214001
1553,1554,1554,59,52443.70525,12.0,52.175999
1554,1555,1554,61,27522.54975,14.0,69.184998
1555,1556,1554,62,31251.25675,12.0,69.556
1556,1557,1557,62,24562.685,12.0,19.563
1559,1560,1560,61,11844.7135,12.0,21.059999
1564,1565,1564,63,105049.685,18.0,89.831001
1566,1567,1567,58,75923.2305,14.0,70.282997
1568,1569,1569,61,56198.2375,13.0,72.894997
1573,1574,1574,61,35935.196,16.0,90.317001
1574,1575,1575,58,265377.38,14.0,33.183998
1577,1578,1575,62,34233.3853333,12.0,17.677999
1579,1580,1579,62,71776.215,11.0,21.756001
1581,1582,1582,58,13088.596,12.0,48.450001
1584,1585,1585,62,56283.3465,12.0,54.801998
1589,1590,1590,61,18927.478525,12.0,22.782
1590,1591,1590,63,20335.23975,12.0,33.417999
1593,1594,1594,57,5889.868,12.0,41.694
1594,1595,1594,62,28113.75,10.0,44.793999
1596,1597,1597,62,28270.8913333,12.0,67.921997
1600,1601,1601,62,86244.4043333,14.0,53.921001
1601,1602,1601,64,54505.9395,12.0,54.570999
1602,1603,1603,58,38711.75875,16.0,45.157001
1610,1611,1611,64,67930.219,14.0,80.296997
1611,1612,1612,61,4643.95103333,12.0,66.376999
1612,1613,1612,64,14944.648,13.0,61.013
1617,1618,1618,61,36218.3736667,12.0,68.016998
1618,1619,1619,60,79464.88275,18.0,58.937
1621,1622,1621,58,72546.501,16.0,55.356998
1625,1626,1626,63,72842.61225,16.0,96.045998
1626,1627,1626,64,14742.662075,12.0,36.485001
1627,1628,1628,59,51791.471,12.0,59.202
1629,1630,1628,63,33475.4345,15.0,74.216003
1630,1631,1631,62,76343.9085,13.0,96.225998
1631,1632,1631,63,79961.34,18.0,98.629997
1634,1635,1634,62,30734.97475,12.0,53.398998
1635,1636,1634,62,57720.84075,12.0,49.696999
1636,1637,1637,62,22720.8335,12.0,60.861
1652,1653,1653,57,271677.325,16.0,60.384998
1653,1654,1654,58,0.0,11.0,47.118999
1658,1659,1656,63,28671.653,14.0,61.986
1659,1660,1660,57,15821.79587,11.0,20.299
1666,1667,1667,64,27725.1433333,11.0,65.988998
1669,1670,1670,63,89500.20125,16.0,96.167999
1671,1672,1671,63,45892.2745,12.0,69.783997
1672,1673,1673,57,2154.703625,13.0,29.823
1676,1677,1675,63,76220.5975,12.0,70.900002
1680,1681,1681,62,221667.17,16.0,57.384998
1681,1682,1682,61,16303.252,12.0,39.965
1707,1708,1708,58,28157.79675,16.0,76.349998
1709,1710,1709,58,76934.22025,16.0,68.546997
1730,1731,1731,63,0.0,12.0,77.552002
1738,1739,1739,60,63091.73825,14.0,95.901001
1740,1741,1741,61,26733.258,10.0,26.424
1741,1742,1742,60,239498.346667,12.0,90.258003
1743,1744,1744,60,73771.36725,13.0,67.543999
1745,1746,1746,57,100510.2295,16.0,96.850998
1761,1762,1761,62,94908.5873333,14.0,25.485001
1763,1764,1764,64,45827.209,11.0,42.424
1764,1765,1765,60,6586.953425,15.0,89.216003
1771,1772,1772,63,0.0,12.0,14.38
1779,1780,1780,62,31861.014,12.0,73.734001
1780,1781,1781,58,57153.425,15.0,39.081001
1782,1783,1783,59,5919.14916667,12.0,2.4790001
1783,1784,1784,63,56333.835,13.0,81.517998
1787,1788,1788,64,48043.0335,12.0,77.653
1789,1790,1790,61,39565.66125,12.0,71.532997
1791,1792,1792,63,19206.465575,14.0,87.517998
1795,1796,1796,61,20715.171375,12.0,43.710999
1801,1802,1801,64,28547.09675,12.0,77.561996
1804,1805,1804,64,39057.96475,12.0,61.837002
1805,1806,1806,60,44087.7715,12.0,55.796001
1808,1809,1808,60,62755.31625,13.0,53.998001
1809,1810,1808,63,134205.2225,13.0,53.687
1812,1813,1813,62,14671.05175,11.0,20.562
1826,1827,1827,62,8114.76775,10.0,49.943001
1842,1843,1843,57,136709.7475,17.0,93.330002
1845,1846,1846,57,271677.325,18.0,73.251999
1853,1854,1854,63,71227.832,16.0,80.983002
1854,1855,1855,61,112462.02075,11.0,11.373
1858,1859,1859,58,38041.0353333,12.0,38.374001
1866,1867,1866,62,59599.1575,12.0,89.968002
1868,1869,1868,63,54104.167,12.0,26.004
1871,1872,1872,59,46488.13925,8.0,18.191999
1872,1873,1872,63,24866.70325,12.0,16.816999
1874,1875,1875,60,112982.29275,16.0,90.922997
1880,1881,1880,61,45164.132,12.0,42.473999
1883,1884,1884,63,13454.668775,12.0,42.428001
1886,1887,1887,60,14401.2356667,12.0,9.1280003
1888,1889,1887,62,34793.82525,13.0,42.278999
1889,1890,1887,63,30625.60275,12.0,13.298
1890,1891,1891,60,28410.588,12.0,46.449001
1894,1895,1895,59,81526.4805,14.0,84.709
1898,1899,1899,59,32041.65,12.0,24.004
1908,1909,1909,58,49748.02125,13.0,54.291
1909,1910,1910,60,60410.882,12.0,55.764999
1910,1911,1911,62,43189.73625,12.0,75.861
1913,1914,1914,57,50213.579,17.0,95.323997
1915,1916,1914,62,75741.61875,17.0,66.692001
1916,1917,1917,61,50868.0265,12.0,27.775
1917,1918,1918,60,70897.34975,12.0,74.518997
1918,1919,1918,63,38680.537,14.0,57.458
1919,1920,1920,64,4727.82746667,14.0,57.75
1923,1924,1924,63,41703.1315,12.0,39.285999
1924,1925,1925,61,33942.1856667,12.0,66.523003
1929,1930,1929,61,46672.13675,16.0,95.174004
1930,1931,1931,62,7110.522,12.0,36.431
1943,1944,1944,60,66686.598,14.0,82.350998
1949,1950,1949,61,68201.5705,14.0,63.150002
1951,1952,1951,64,152602.19975,17.0,46.049
1954,1955,1955,62,46653.60775,14.0,79.360001
1956,1957,1956,59,51102.11625,12.0,10.797
1957,1958,1958,60,68809.047,15.0,79.330002
1958,1959,1959,60,33191.793,11.0,29.263
1960,1961,1961,57,90549.8715,12.0,48.541
1962,1963,1963,61,65988.04475,12.0,63.400002
1963,1964,1964,57,34412.6045,12.0,29.837999
1965,1966,1966,61,51900.54025,12.0,85.623001
1970,1971,1971,64,58547.63775,12.0,51.181999
1974,1975,1975,64,47766.318,12.0,80.741997
1976,1977,1977,62,70506.66125,12.0,37.901001
1977,1978,1977,64,32558.65125,14.0,29.377001
1978,1979,1979,57,57586.2235,12.0,88.418999
1983,1984,1984,61,12498.22565,10.0,5.1420002
1986,1987,1986,60,27172.088,12.0,42.193001
1987,1988,1988,59,55238.6155,12.0,15.656
1990,1991,1991,62,35339.207,9.0,9.1850004
1991,1992,1991,63,41027.6055,13.0,24.184999
1995,1996,1996,58,27274.4803333,12.0,53.612
1997,1998,1996,62,0.0,12.0,59.463001
1999,2000,2000,60,103238.42625,12.0,44.195999
2000,2001,2000,62,615.6296,12.0,0.32499999
2005,2006,2006,62,87936.166,16.0,87.827003
2006,2007,2007,62,129634.006667,14.0,92.051003
2009,2010,2010,57,153778.6575,18.0,75.400002
2013,2014,2014,60,32001.83275,12.0,54.183998
2014,2015,2015,64,1698.2555,13.0,6.573
2017,2018,2018,60,27291.93125,12.0,72.231003
2018,2019,2018,61,40758.129,16.0,86.358002
2019,2020,2018,64,28180.22475,12.0,23.806
2021,2022,2022,64,63293.53325,12.0,23.959
2022,2023,2022,59,9197.5835,12.0,46.160999
2023,2024,2024,60,33073.76275,15.0,89.508003
2027,2028,2028,60,39400.293,12.0,50.691002
2028,2029,2029,59,162356.91,17.0,93.934998
2030,2031,2031,63,35103.31325,11.0,2.0439999
2031,2032,2031,64,39384.707,12.0,22.171
2032,2033,2033,63,216260.5325,12.0,66.318001
2033,2034,2034,60,44604.15775,12.0,56.852001
2037,2038,2038,62,184081.08,18.0,97.360001
2039,2040,2040,62,12220.7932,14.0,85.929001
2040,2041,2040,63,20376.4309375,13.0,72.82
2042,2043,2043,57,53720.334,16.0,79.654999
2044,2045,2044,64,27659.21125,12.0,56.026001
2046,2047,2047,57,63891.85675,13.0,73.594002
2047,2048,2048,59,76564.86125,16.0,94.568001
2050,2051,2051,64,25203.16225,11.0,6.9450002
2054,2055,2055,58,29640.3975,12.0,68.805
2055,2056,2056,60,131595.4045,16.0,57.500999
2058,2059,2059,63,24415.42725,11.0,14.787
2059,2060,2059,64,3396.511,12.0,47.712002
2066,2067,2067,62,53661.15625,12.0,43.432999
2068,2069,2068,63,67930.219,17.0,94.464996
2074,2075,2075,57,77628.95875,12.0,59.435001
2077,2078,2078,63,0.0,12.0,0.0
2079,2080,2080,59,20080.219,12.0,59.98
2080,2081,2080,60,43961.42475,12.0,51.660999
2084,2085,2085,64,36956.538,12.0,54.814999
2085,2086,2086,58,32820.097,12.0,39.837002
2086,2087,2086,60,51793.8945,12.0,48.513
2088,2089,2086,62,44295.48425,12.0,20.615999
2089,2090,2086,64,41313.96475,10.0,22.219999
2090,2091,2091,62,16193.033,9.0,1.0039999
2092,2093,2093,57,49621.50975,12.0,69.551003
2095,2096,2096,57,87051.70625,14.0,32.474998
2096,2097,2096,59,56469.67175,12.0,34.695
2099,2100,2100,58,56456.961,12.0,89.871002
2100,2101,2100,59,101090.31375,12.0,81.725998
2105,2106,2106,58,51391.549,12.0,37.240002
2106,2107,2106,61,54918.9425,14.0,73.283997
2109,2110,2110,63,40827.087,17.0,88.667999
2112,2113,2113,62,165252.1175,19.0,96.422997
2115,2116,2115,61,36276.622,12.0,16.465
2117,2118,2118,61,62316.514,12.0,29.846001
2121,2122,2122,59,32017.955,12.0,9.5450001
2126,2127,2126,61,40532.46125,12.0,19.922001
2134,2135,2135,62,61774.69825,8.0,18.212
2137,2138,2136,62,51454.8775,12.0,71.839996
2140,2141,2141,64,36707.85035,16.0,15.355
2142,2143,2143,61,37319.1345,12.0,35.041
2143,2144,2144,59,64899.26675,16.0,94.079002
2144,2145,2145,57,42789.54675,12.0,61.172001
2146,2147,2147,61,38966.15425,14.0,77.202003
2148,2149,2148,63,11000.5850667,15.0,90.352997
2150,2151,2151,63,74723.242,13.0,83.719002
2156,2157,2157,57,27138.64175,12.0,37.901001
2159,2160,2160,63,18355.96575,7.0,2.6700001
2162,2163,2163,58,23235.279125,12.0,28.73
2167,2168,2168,60,62806.6545,16.0,88.021004
2171,2172,2172,63,74055.96875,14.0,35.637001
2172,2173,2173,60,56760.372,12.0,61.735001
2177,2178,2178,64,12947.6211,14.0,72.004997
2179,2180,2180,61,44266.4405,12.0,45.257
2181,2182,2182,61,28516.883,12.0,75.724998
2182,2183,2183,59,64730.92575,14.0,49.558998
2183,2184,2184,59,48728.94625,14.0,72.382004
2184,2185,2184,62,64049.1005,15.0,56.925999
2186,2187,2187,61,71969.651,13.0,36.060001
2187,2188,2187,64,27718.46475,14.0,17.457001
2188,2189,2189,62,55424.58025,16.0,78.361
2190,2191,2191,57,41816.2335,12.0,32.061001
2193,2194,2192,63,17206.8466,9.0,13.425
2194,2195,2195,57,679.302175,8.0,20.15
2201,2202,2201,62,52665.6005,16.0,81.080002
2206,2207,2207,63,130231.954,14.0,70.593002
2215,2216,2216,60,102972.94875,12.0,49.405998
2217,2218,2218,64,68165.94725,16.0,63.183998
2218,2219,2219,62,23210.07675,12.0,56.923
2219,2220,2219,58,76968.6863333,16.0,97.866997
2221,2222,2222,58,46489.6085,16.0,92.442001
2222,2223,2223,62,59967.24325,12.0,39.914001
2226,2227,2227,59,33256.663,12.0,36.775002
2232,2233,2233,64,59586.11025,16.0,46.278
2235,2236,2235,62,79294.867,16.0,63.275002
2237,2238,2237,62,59438.4845,16.0,86.255997
2238,2239,2239,62,126316.975,16.0,97.212997
2247,2248,2248,57,39182.914,12.0,45.669998
2260,2261,2261,64,51297.8555,10.0,7.8779998
2275,2276,2276,64,0.0,12.0,62.252998
2276,2277,2277,63,78129.379,16.0,96.662003
2290,2291,2290,64,92929.57625,16.0,95.948997
2299,2300,2299,58,105745.657,16.0,71.561996
2301,2302,2299,61,96429.99625,17.0,80.788002
2303,2304,2304,57,23711.09775,12.0,38.541
2304,2305,2304,63,56372.701,10.0,6.098
2305,2306,2306,61,22077.84525,9.0,11.194
2313,2314,2314,57,57003.337,12.0,61.327999
2315,2316,2316,63,21737.67,12.0,24.702
2317,2318,2318,59,41664.6845,9.0,61.993
2322,2323,2322,63,154938.22225,16.0,39.111
2325,2326,2326,61,47796.458,12.0,28.790001
2326,2327,2326,62,16658.172,12.0,65.774002
2328,2329,2328,58,35738.48875,16.0,69.686996
2329,2330,2330,62,59551.5976667,14.0,67.103996
2330,2331,2331,62,91810.513,16.0,97.754997
2331,2332,2331,59,30224.525,15.0,71.850998
2333,2334,2334,60,109128.163333,10.0,29.171
2334,2335,2335,57,61232.24825,12.0,69.564003
2335,2336,2335,57,76645.3726667,15.0,77.765999
2337,2338,2338,60,19030.25275,12.0,78.315002
2340,2341,2341,61,71422.486,14.0,78.245003
2342,2343,2343,60,27924.87865,14.0,51.181999
2343,2344,2343,62,35257.139,14.0,9.9700003
2344,2345,2345,63,0.0,12.0,41.931999
2364,2365,2365,62,43389.28325,12.0,42.207001
2365,2366,2366,59,32606.504,12.0,44.471001
2366,2367,2367,59,47151.177,16.0,71.637001
2370,2371,2369,61,32054.9305,12.0,73.238998
2371,2372,2372,64,76215.7803333,16.0,93.922997
2375,2376,2376,64,56288.06725,12.0,71.018997
2376,2377,2377,63,28137.9438,12.0,20.582001
2377,2378,2377,64,39965.526,12.0,59.534
2379,2380,2379,61,30436.283625,12.0,73.886002
2380,2381,2379,61,12162.56425,12.0,47.888
2390,2391,2391,57,9709.0605,12.0,30.723
2391,2392,2392,60,37458.3443333,11.0,17.534
2392,2393,2392,62,54344.176,12.0,49.268002
2400,2401,2401,57,15265.7597667,12.0,26.892
2402,2403,2403,59,13037.92815,11.0,9.3330002
2405,2406,2405,59,0.0,12.0,6.2490001
2412,2413,2413,58,48039.37575,12.0,14.248
2414,2415,2415,61,65206.71375,14.0,87.508003
2416,2417,2416,57,45151.084,13.0,23.087999
2418,2419,2419,62,46030.61225,10.0,24.569
2420,2421,2421,59,38425.2695,12.0,37.456001
2421,2422,2422,62,60394.3055,13.0,69.107002
2422,2423,2423,58,8261.756,12.0,40.134998
2426,2427,2425,63,66798.91925,12.0,47.464001
2430,2431,2431,59,0.0,12.0,42.202
2437,2438,2436,61,81130.12125,17.0,88.511002
2438,2439,2436,62,47766.30675,12.0,68.273003
2439,2440,2436,63,35505.8223333,12.0,58.833
2442,2443,2443,61,12308.74425,12.0,56.491001
2448,2449,2449,58,5648.8863,12.0,15.845
2450,2451,2451,59,32516.97225,12.0,57.518002
2454,2455,2455,57,28033.244,12.0,35.708
2455,2456,2455,61,8656.8213,11.0,28.403999
2459,2460,2459,59,26921.247325,12.0,38.338001
2462,2463,2463,58,33100.0075,15.0,94.462997
2463,2464,2463,60,55419.4589458,13.0,84.734001
2464,2465,2463,63,42110.67825,19.0,95.559998
2465,2466,2466,62,27702.46575,10.0,19.489
2466,2467,2466,63,130885.95,16.0,58.710999
2467,2468,2468,62,271677.325,16.0,90.936996
2469,2470,2470,62,15225.2895,12.0,67.455002
2474,2475,2474,62,55490.4365,12.0,74.783997
2475,2476,2474,64,23479.5160667,11.0,8.4300003
2476,2477,2477,64,39311.875,15.0,75.661003
2478,2479,2478,62,29825.58175,12.0,69.480003
2480,2481,2481,59,35278.25775,8.0,20.238001
2485,2486,2486,61,0.0,12.0,28.136
2486,2487,2486,62,0.0,12.0,22.216
2488,2489,2489,59,33444.0955,13.0,57.849998
2489,2490,2489,60,11887.788,16.0,52.355999
2490,2491,2489,62,46158.99275,16.0,64.709
2492,2493,2493,63,30511.7235,12.0,71.804001
2493,2494,2494,57,78189.3595,16.0,79.940002
2494,2495,2495,58,14944.648,8.0,13.558
2496,2497,2497,64,52399.0295,12.0,81.227997
2497,2498,2498,57,22234.347425,12.0,39.967999
2501,2502,2502,62,84492.88475,16.0,88.459
2503,2504,2504,60,20236.938,12.0,58.556
2505,2506,2506,62,38017.42275,12.0,55.130001
2507,2508,2508,58,81013.85925,14.0,94.069
2508,2509,2508,61,76028.6975,12.0,84.042
2512,2513,2511,64,19400.89575,12.0,32.681999
2515,2516,2516,62,41199.35075,12.0,66.866997
2516,2517,2516,63,42670.953,12.0,76.004997
2517,2518,2518,57,7349.6004975,14.0,81.542999
2519,2520,2520,63,95851.3715,16.0,89.746002
2521,2522,2522,59,45426.444725,12.0,50.209999
2525,2526,2526,62,57841.4535,13.0,58.333
2526,2527,2526,64,104469.19025,12.0,9.2030001
2531,2532,2531,60,25134.182,16.0,85.018997
2534,2535,2535,57,38166.51375,12.0,24.83
2536,2537,2537,58,13519.209525,12.0,35.987
2538,2539,2537,60,37737.67575,12.0,29.224001
2539,2540,2537,62,34128.064,12.0,30.17
2540,2541,2541,61,61301.96675,12.0,98.399002
2544,2545,2545,61,96377.137,13.0,75.455002
2545,2546,2546,64,18643.891,12.0,23.33
2547,2548,2548,61,49794.2745,12.0,8.2220001
2549,2550,2549,59,35342.798,16.0,65.344002
2554,2555,2555,60,41619.2876667,11.0,40.858002
2556,2557,2556,64,98255.52275,16.0,93.207001
2562,2563,2563,64,7646.2256,14.0,83.186996
2567,2568,2568,57,20131.07925,14.0,76.750999
2570,2571,2570,63,23775.576,16.0,90.805
2571,2572,2572,62,69702.94175,16.0,66.774002
2573,2574,2574,61,33645.2905,12.0,37.594002
2575,2576,2576,62,13292.1741,12.0,79.804001
2577,2578,2578,61,26802.9465,12.0,7.2220001
2578,2579,2579,62,28630.899,12.0,98.327003
2580,2581,2580,62,29059.59375,12.0,42.748001
2581,2582,2582,61,31893.4253333,12.0,20.223
2583,2584,2582,64,17572.195525,12.0,10.007
2585,2586,2585,60,63592.2835,12.0,42.596001
2586,2587,2587,60,29605.8336667,7.0,6.2119999
2588,2589,2588,64,116893.195,20.0,94.663002
2592,2593,2593,62,69064.9953333,15.0,3.178
2593,2594,2594,62,56339.7365,12.0,34.866001
2594,2595,2595,59,17234.8325,12.0,19.489
2596,2597,2597,62,84616.7893333,14.0,50.916
2597,2598,2597,64,30577.78075,12.0,17.816999
2601,2602,2602,64,88349.57325,12.0,73.986
2603,2604,2603,64,70555.586,12.0,74.370003
2609,2610,2610,61,16791.87025,12.0,81.962997
2610,2611,2611,62,40758.129,16.0,71.377998
2611,2612,2611,63,35202.114,12.0,29.620001
2612,2613,2613,58,46958.2655,12.0,75.029999
2613,2614,2614,60,27431.92425,12.0,23.740999
2615,2616,2616,58,75979.48425,14.0,56.647999
2619,2620,2620,59,65356.6376667,12.0,67.777
2624,2625,2624,63,0.0,16.0,60.77
2629,2630,2630,63,150747.962,17.0,74.681999
2630,2631,2631,60,53648.29575,13.0,69.117996
2631,2632,2631,64,37531.56625,12.0,47.268002
2632,2633,2633,62,87409.97075,16.0,99.581001
2633,2634,2634,60,26588.4717333,12.0,52.493
2636,2637,2637,60,69087.01275,16.0,91.219002
2638,2639,2639,59,26073.3265,10.0,20.580999
2641,2642,2642,62,63191.6485,15.0,94.599998
2683,2684,2684,59,33999.92,13.0,78.514
2684,2685,2685,59,56215.96375,15.0,87.232002
2685,2686,2685,58,63854.406,19.0,96.005997
2710,2711,2711,59,63192.5575,12.0,31.136
2713,2714,2714,61,64830.51675,16.0,90.518997
2720,2721,2721,58,54202.974,9.0,3.1670001
2723,2724,2724,63,202064.7915,16.0,79.723
2724,2725,2725,64,29453.95975,14.0,92.115997
2727,2728,2728,59,58335.45125,10.0,59.814999
2731,2732,2732,62,35873.73525,12.0,55.889999
2740,2741,2741,57,29826.9955,12.0,50.562
2744,2745,2744,59,31791.302,12.0,52.009998
2746,2747,2747,57,13952.988175,9.0,13.768
2754,2755,2755,62,42752.1375,9.0,73.536003
2758,2759,2759,62,54524.467,10.0,0.64300001
2759,2760,2760,64,28762.11875,12.0,51.839001
2764,2765,2765,62,80941.20875,14.0,46.116001
2765,2766,2766,62,0.0,13.0,71.976997
2766,2767,2766,64,33116.283,14.0,8.8889999
2773,2774,2774,57,62373.83975,14.0,68.643997
2775,2776,2774,61,0.0,14.0,84.667
2776,2777,2777,60,33627.0510333,7.0,16.674999
2778,2779,2779,60,50498.44925,12.0,17.441999
2779,2780,2780,64,39569.2043333,12.0,10.37
2781,2782,2782,60,16006.369,8.0,0.116
2782,2783,2783,62,0.0,12.0,47.692001
2785,2786,2785,64,78041.8256667,12.0,0.71100003
2786,2787,2787,63,24735.311,12.0,82.074997
2799,2800,2800,61,156319.046925,16.0,98.512001
2800,2801,2801,62,50152.22675,12.0,90.597
2801,2802,2801,63,70463.99025,12.0,65.610001
2806,2807,2807,63,31178.985,11.0,17.576
2810,2811,2809,63,27401.2545,12.0,24.308001
2812,2813,2813,59,52008.421,16.0,86.519997
2814,2815,2813,64,28497.7076667,13.0,53.908001
2815,2816,2816,60,83270.80675,12.0,13.683
2819,2820,2820,62,42978.147,12.0,28.290001
2820,2821,2820,57,82956.086,14.0,79.617996
2831,2832,2832,63,19419.629,12.0,47.306999
2832,2833,2833,59,71306.4005,12.0,69.924004
2835,2836,2835,57,76014.9725,8.0,44.916
2836,2837,2837,63,30080.02325,11.0,31.514
2837,2838,2838,61,55364.42275,15.0,95.237
2838,2839,2839,58,75000.00025,13.0,73.761002
2841,2842,2842,57,74302.09075,14.0,87.040001
2844,2845,2845,62,50306.539,19.0,100.0
2850,2851,2850,63,271677.325,18.0,96.763
2851,2852,2852,57,39940.835,12.0,33.73
2852,2853,2853,60,24691.77765,12.0,84.289001
2853,2854,2854,62,42416.2745,13.0,71.490997
2856,2857,2856,61,0.0,12.0,32.422001
2857,2858,2856,63,36844.9386667,12.0,84.766998
2859,2860,2859,63,67707.328,16.0,84.779999
2860,2861,2861,63,136371.953333,17.0,97.983002
2865,2866,2864,62,78158.281,13.0,57.773998
2867,2868,2868,57,95589.4105,16.0,56.210999
2869,2870,2868,61,73233.78725,15.0,74.670998
2870,2871,2868,63,76884.8855,16.0,56.887001
2872,2873,2872,62,73963.41,20.0,99.156998
2880,2881,2879,62,41529.7693333,12.0,40.672001
2881,2882,2882,60,65213.008,11.0,18.285999
2883,2884,2882,63,81378.535,12.0,42.647999
2887,2888,2887,63,101895.33,13.0,55.410999
2892,2893,2893,60,271677.325,17.0,99.255997
2894,2895,2894,64,246829.13,16.0,81.941002
2895,2896,2894,61,271677.325,17.0,85.579002
2902,2903,2901,62,126431.425,16.0,90.931
2903,2904,2904,61,79842.45125,18.0,83.612999
2906,2907,2907,62,225197.2925,16.0,82.82
2914,2915,2915,58,64751.28575,17.0,99.370003
2915,2916,2916,60,37974.0505,16.0,84.348999
2919,2920,2918,61,67610.04,12.0,52.231998
2920,2921,2918,64,65526.91225,12.0,39.227001
2921,2922,2922,60,51968.9103333,12.0,48.526001
2922,2923,2923,62,90680.5045,12.0,57.962002
2923,2924,2923,63,74723.242,12.0,57.653
2926,2927,2925,60,74723.242,12.0,88.658997
2931,2932,2932,59,4528.68133333,10.0,1.11
2932,2933,2932,60,20638.47575,7.0,3.573
2938,2939,2939,57,85168.76575,15.0,98.472
2940,2941,2941,64,210307.3425,19.0,92.532997
2944,2945,2945,62,51514.62,13.0,70.940002
2949,2950,2948,63,50203.365,16.0,81.036003
2952,2953,2953,62,71238.72725,10.0,33.605999
2955,2956,2955,62,105578.8355,16.0,70.358002
2956,2957,2955,63,64507.25575,17.0,80.160004
2957,2958,2955,64,106708.355,16.0,90.654999
2959,2960,2960,63,1169.6962,12.0,6.5939999
2961,2962,2961,61,204857.77,16.0,59.686001
2962,2963,2963,62,68190.67475,14.0,78.539001
2973,2974,2974,63,57921.1935,10.0,31.212999
2974,2975,2975,62,39108.85525,14.0,95.171997
2975,2976,2976,63,49193.58975,12.0,68.199997
2976,2977,2977,62,44733.3115,12.0,40.064999
2979,2980,2980,57,88705.03525,20.0,98.311996
2980,2981,2981,62,15633.9384,13.0,53.0
2983,2984,2982,61,219076.09,16.0,96.417
2984,2985,2982,64,98568.5685,16.0,90.460999
2987,2988,2988,60,164848.49,16.0,78.043999
2988,2989,2988,64,65886.348,19.0,99.192001
2993,2994,2994,59,132492.4465,12.0,64.927002
2995,2996,2996,59,49837.21875,14.0,68.855003
2996,2997,2997,58,69779.592,12.0,56.956001
2997,2998,2997,61,41388.3665,12.0,65.905998
2998,2999,2999,59,52958.17475,13.0,63.02
3015,3016,3015,61,72179.78625,16.0,79.755997
3017,3018,3017,64,53349.2795,16.0,78.261002
3018,3019,3019,61,85449.17375,17.0,63.842999
3021,3022,3022,57,41257.5295,16.0,54.075001
3023,3024,3024,63,80073.43175,13.0,27.309
3036,3037,3037,58,72366.27125,12.0,72.992996
3038,3039,3038,60,57905.36725,12.0,71.200996
3049,3050,3050,59,63310.5756667,8.0,3.8380001
3051,3052,3052,59,69026.7015,12.0,53.278
3054,3055,3054,63,37536.03025,12.0,18.999001
3055,3056,3056,62,34621.5956,12.0,95.031998
3058,3059,3059,57,55359.292,12.0,15.551
3059,3060,3059,59,179596.1025,14.0,17.174
3061,3062,3062,57,180749.3675,16.0,82.255997
3081,3082,3079,64,31997.348,12.0,58.905998
3082,3083,3083,59,21596.1815,14.0,45.819
3083,3084,3084,60,271677.325,16.0,89.903
3085,3086,3085,64,122274.39,16.0,95.692001
3088,3089,3089,59,7406.7935,15.0,93.403
3096,3097,3096,62,104389.9995,16.0,34.227001
3099,3100,3100,57,65084.913,12.0,27.065001
3101,3102,3102,60,85230.51375,13.0,97.617996
3102,3103,3103,63,34035.21925,10.0,0.95300001
3103,3104,3103,64,2963.7356,10.0,24.392
3113,3114,3114,61,12227.439,12.0,23.306
3115,3116,3116,57,75093.11325,12.0,63.439999
3122,3123,3123,59,42819.3333333,14.0,90.600998
3123,3124,3123,61,59271.7675,12.0,83.366997
3124,3125,3125,60,46268.95025,12.0,24.481001
3126,3127,3126,62,18354.042,12.0,16.094
3127,3128,3128,61,48110.38275,12.0,57.009998
3136,3137,3137,58,103287.924,18.0,85.855003
3137,3138,3138,58,38979.6133333,12.0,37.729
3138,3139,3139,64,78821.2775,16.0,89.195999
3139,3140,3140,58,116042.1045,13.0,52.478001
3140,3141,3141,62,77369.0716667,16.0,94.082001
3141,3142,3142,64,103286.66875,18.0,100.0
3151,3152,3152,59,169699.935,16.0,81.143997
3158,3159,3159,60,55632.4806667,14.0,69.349998
3160,3161,3159,64,26110.02,15.0,49.448002
3165,3166,3166,61,56012.21875,16.0,99.462997
3167,3168,3166,58,55175.8025,16.0,90.399002
3168,3169,3169,59,170748.11,16.0,91.471001
3169,3170,3169,60,274944.205,19.0,98.698997
3170,3171,3171,62,271677.325,18.0,96.789001
3171,3172,3171,59,136823.5675,20.0,97.598
3172,3173,3171,60,107437.25275,19.0,96.915001
3179,3180,3180,57,107004.7755,18.0,92.801003
3180,3181,3181,58,271677.325,19.0,96.585999
3185,3186,3186,60,197585.845,16.0,70.703003
3186,3187,3187,59,271677.325,20.0,97.762001
3192,3193,3193,60,76694.67175,12.0,75.440002
3193,3194,3194,61,52525.68275,11.0,25.518
3194,3195,3195,60,49983.79,12.0,59.617001
3195,3196,3196,59,70334.74225,12.0,66.428001
3199,3200,3200,58,0.0,8.0,24.193001
3201,3202,3202,59,42334.896,12.0,34.983002
3202,3203,3202,62,50568.65525,12.0,43.175999
3206,3207,3207,57,42906.34475,12.0,57.768002
3207,3208,3207,59,122705.9025,14.0,92.189003
3209,3210,3210,62,63854.406,12.0,67.242996
3212,3213,3213,63,28518.4255,12.0,74.570999
3213,3214,3213,63,39447.166975,12.0,73.204002
3214,3215,3215,57,40750.0155,12.0,68.957001
3215,3216,3215,60,1698.2555,16.0,95.111
3218,3219,3218,61,76817.8575,14.0,60.973999
3223,3224,3224,58,95023.965,18.0,77.250999
3227,3228,3228,62,121844.304,16.0,74.327003
3228,3229,3228,64,110206.7035,20.0,82.125
3229,3230,3230,63,35552.6095,10.0,8.9610004
3231,3232,3232,57,32943.213,12.0,45.018002
3234,3235,3232,60,26225.3905,12.0,74.935997
3239,3240,3240,61,38235.19625,19.0,96.819
3245,3246,3246,60,37997.506,12.0,38.573002
3246,3247,3246,62,86966.96825,12.0,43.301998
3250,3251,3250,63,61522.15425,12.0,78.718002
3254,3255,3255,61,12559.706075,13.0,91.682999
3255,3256,3256,60,81738.99375,19.0,97.873001
3256,3257,3256,62,59794.0575,18.0,98.634003
3257,3258,3258,57,38735.454,13.0,89.343002
3262,3263,3263,60,130332.275,16.0,96.452003
3271,3272,3271,63,64134.117,12.0,16.201
3274,3275,3275,60,71105.219,16.0,84.103996
3276,3277,3277,57,63963.912,12.0,84.125999
3283,3284,3284,63,102785.89075,15.0,50.333
3288,3289,3289,57,127507.8285,16.0,94.380997
3289,3290,3289,60,130971.225,20.0,93.794998
3312,3313,3313,59,0.0,9.0,1.739
3318,3319,3319,59,0.0,10.0,15.354
3329,3330,3329,64,154281.6,13.0,21.712999
3330,3331,3331,58,36588.5116667,12.0,18.388
3339,3340,3340,61,41165.711,10.0,51.0
3345,3346,3345,63,49026.72275,12.0,19.847
3350,3351,3351,59,0.0,15.0,64.625
3352,3353,3353,61,48838.1015,12.0,16.881001
3353,3354,3353,62,12621.269075,14.0,32.157001
3355,3356,3356,61,17437.1254,14.0,43.776001
3356,3357,3357,64,271677.325,18.0,63.140999
3358,3359,3357,59,70647.3975,15.0,72.763
3360,3361,3361,63,138769.54925,18.0,75.092003
3373,3374,3372,62,75403.4346667,12.0,51.063
3374,3375,3375,58,27369.9702,13.0,48.318001
3375,3376,3375,60,41710.629,18.0,74.978996
3378,3379,3378,63,116861.8075,16.0,81.030998
3379,3380,3380,60,212915.255,14.0,90.763
3380,3381,3380,61,246829.13,12.0,79.140999
3384,3385,3384,63,0.0,13.0,86.301003
3388,3389,3389,59,68317.0353333,12.0,72.589996
3397,3398,3398,62,78799.055,12.0,54.252998
3398,3399,3398,57,76769.88675,12.0,80.288002
3399,3400,3398,60,91773.20225,12.0,16.139
3400,3401,3401,60,27613.92975,13.0,35.316002
3402,3403,3403,60,108688.35,12.0,52.847
3404,3405,3404,64,61161.082,13.0,95.206001
3409,3410,3410,59,63723.37775,16.0,73.195999
3413,3414,3414,57,132114.303333,16.0,52.757999
3416,3417,3416,63,12471.47475,12.0,41.460999
3419,3420,3420,59,66182.4015,14.0,76.206001
3424,3425,3423,64,72977.28,13.0,79.069
3430,3431,3428,63,125793.86625,17.0,100.0
3439,3440,3440,61,50815.11625,11.0,12.346
3440,3441,3440,60,25842.65525,10.0,15.622
3452,3453,3453,64,79539.90625,12.0,28.580999
3454,3455,3455,59,54281.3085915,12.0,63.061001
3459,3460,3459,64,29088.6046667,12.0,22.708
3460,3461,3461,61,67461.03225,14.0,88.411003
3461,3462,3461,62,51990.674,13.0,47.612
3462,3463,3461,63,69920.8185,16.0,63.241001
3463,3464,3464,61,69485.75675,16.0,96.278999
3465,3466,3464,64,48307.3965,16.0,88.223999
3467,3468,3467,58,48880.87,14.0,94.705002
3469,3470,3470,59,86585.845,12.0,49.625
3470,3471,3470,62,96139.576,12.0,18.837999
3471,3472,3472,60,271677.325,16.0,58.518002
3472,3473,3472,62,116826.7395,12.0,30.285
3473,3474,3472,62,172695.02,12.0,12.607
3478,3479,3478,64,85413.96875,12.0,39.476002
3481,3482,3482,58,54525.39925,13.0,14.447
3482,3483,3482,59,38385.0313145,13.0,23.172001
3483,3484,3482,64,29069.371,11.0,5.6469998
3488,3489,3489,62,0.0,13.0,49.900002
3491,3492,3492,63,53363.285,12.0,66.416
3492,3493,3493,57,39706.23325,12.0,56.787998
3493,3494,3494,57,117537.8425,12.0,51.167
3494,3495,3495,57,73686.5605,12.0,36.120998
3496,3497,3496,64,72338.4425,15.0,91.675003
3502,3503,3503,58,85175.29925,12.0,56.813999
3506,3507,3505,62,61807.119,14.0,75.331001
3512,3513,3513,61,31400.0816667,12.0,18.312
3514,3515,3515,58,106014.3875,16.0,99.396004
3515,3516,3516,63,33576.45275,12.0,26.618999
3516,3517,3516,64,36937.7766667,12.0,44.921001
3519,3520,3518,61,62206.983,16.0,33.591
3520,3521,3518,63,51702.45325,14.0,40.801998
3527,3528,3526,61,86017.453,13.0,44.682999
3529,3530,3530,61,62112.78825,16.0,95.492996
3532,3533,3533,58,122192.625,14.0,85.392998
3549,3550,3550,60,46235.20325,12.0,62.616001
3552,3553,3553,62,59675.413,12.0,78.494003
3558,3559,3559,60,51738.03925,12.0,83.662003
3560,3561,3561,64,46786.27825,12.0,4.2309999
3561,3562,3562,58,17256.6386,12.0,16.231001
3562,3563,3562,60,48148.79975,12.0,25.733999
3566,3567,3567,60,0.0,12.0,62.488998
3568,3569,3567,63,53490.3115,12.0,19.174999
3569,3570,3570,61,54044.96025,9.0,4.3470001
3570,3571,3570,63,43840.451,9.0,20.535999
3574,3575,3575,58,61235.53825,12.0,28.797001
3579,3580,3580,59,43469.71975,12.0,75.228996
3580,3581,3581,57,118716.16425,16.0,55.513
3581,3582,3582,61,115654.60025,18.0,77.911003
3582,3583,3582,63,93966.37,18.0,99.022003
3584,3585,3584,61,247508.4325,16.0,94.650002
3586,3587,3587,57,46896.884,14.0,76.091003
3587,3588,3587,61,45658.9288867,17.0,71.154999
3588,3589,3589,59,53550.21575,12.0,51.560001
3590,3591,3591,60,52612.882425,12.0,77.561996
3591,3592,3591,62,51483.94925,12.0,61.801998
3592,3593,3591,63,42910.2585,12.0,71.054001
3594,3595,3594,60,47042.8565,12.0,40.521999
3595,3596,3594,64,68393.668,12.0,48.605
3597,3598,3598,59,60509.5665,12.0,21.334
3599,3600,3600,58,67286.16,12.0,57.647999
3601,3602,3602,57,84318.69525,12.0,62.216999
3603,3604,3602,62,44376.32725,12.0,26.294001
3606,3607,3607,57,29821.8953333,10.0,32.823002
3607,3608,3608,57,68734.78325,16.0,90.059998
3611,3612,3610,62,26243.2555,12.0,41.127998
3614,3615,3615,62,36769.84525,12.0,82.777
3615,3616,3616,63,41118.66425,12.0,91.973999
3616,3617,3617,58,75066.72825,16.0,78.008003
3618,3619,3619,61,41504.9605,13.0,88.649002
3619,3620,3620,61,37449.27225,12.0,38.966999
3620,3621,3621,57,34701.902,12.0,8.6370001
3621,3622,3621,60,17944.453,12.0,4.6539998
3622,3623,3623,62,61196.071,16.0,92.431999
3626,3627,3627,59,78906.0955,12.0,59.848
3627,3628,3628,57,271677.325,16.0,50.492001
3631,3632,3632,62,13778.5915,10.0,12.979
3633,3634,3632,64,19327.6206667,9.0,14.817
3637,3638,3638,60,75367.50475,12.0,30.405001
3638,3639,3639,62,7198.7275,9.0,3.49
3639,3640,3639,64,21441.4315,12.0,1.107
3644,3645,3645,59,15998.674,13.0,20.118999
3652,3653,3653,59,42100.463,12.0,63.556
3656,3657,3657,60,31645.36703,11.0,8.6009998
3657,3658,3657,60,1294.79235,12.0,1.122
3659,3660,3657,64,22149.247,12.0,6.2849998
3667,3668,3668,60,104364.2295,19.0,99.384003
3671,3672,3672,57,186809.5525,16.0,80.718002
3674,3675,3673,64,253228.96275,16.0,78.492996
3675,3676,3676,60,82578.24,16.0,90.282997
3679,3680,3680,63,34528.05975,15.0,87.408997
3684,3685,3685,58,243432.62,16.0,74.984001
3685,3686,3685,59,63017.08575,16.0,76.417999
3688,3689,3689,58,271677.325,20.0,95.345001
3689,3690,3689,61,117472.189,18.0,97.839996
3692,3693,3693,62,42889.7385,9.0,33.068001
3693,3694,3694,58,63859.42875,11.0,40.937
3705,3706,3705,57,58602.68575,13.0,37.080002
3706,3707,3707,58,271677.325,16.0,86.835999
3707,3708,3707,60,88689.819,12.0,87.553001
3711,3712,3711,61,50600.957,16.0,76.789001
3712,3713,3713,57,9645.15325,12.0,75.413002
3715,3716,3716,58,72046.6405,12.0,66.545998
3720,3721,3721,60,51521.84225,12.0,83.258003
3722,3723,3723,61,15445.5101333,12.0,45.716
3723,3724,3723,63,41176.22175,12.0,67.588997
3730,3731,3731,64,95102.305,13.0,58.123001
3731,3732,3732,63,112822.496667,12.0,99.473
3732,3733,3733,64,5918.5081,12.0,10.922
3741,3742,3742,64,152040.18875,9.0,38.276001
3742,3743,3743,61,271677.325,16.0,91.779999
3744,3745,3745,60,33688.0345,16.0,95.983002
3747,3748,3748,58,47546.7893333,12.0,86.927002
3749,3750,3748,62,46470.9233333,12.0,79.149002
3750,3751,3748,63,49303.59375,12.0,60.681
3756,3757,3757,62,86185.795,18.0,97.505997
3759,3760,3758,63,41352.8396667,12.0,54.301998
3764,3765,3764,63,50770.629,12.0,88.838997
3765,3766,3766,58,107174.392,15.0,73.454002
3775,3776,3774,64,9297.602075,12.0,90.261002
3776,3777,3777,60,46032.043,12.0,56.903
3779,3780,3780,64,60800.785,12.0,66.841003
3791,3792,3792,58,88231.42,16.0,94.762001
3794,3795,3795,64,72887.36325,13.0,77.848999
3800,3801,3801,58,74723.242,12.0,25.146999
3802,3803,3803,60,59332.325,17.0,81.774002
3804,3805,3804,63,83621.445,16.0,78.523003
3806,3807,3807,60,57352.0215,14.0,49.037998
3810,3811,3811,61,57788.26175,16.0,100.0
3814,3815,3815,64,167236.1,16.0,90.913002
3815,3816,3816,64,250225.6425,16.0,89.252998
3817,3818,3817,59,37361.621,16.0,98.779999
3828,3829,3829,59,133641.3325,12.0,49.060001
3829,3830,3830,64,36557.06975,12.0,44.827
3832,3833,3833,64,35386.4935,12.0,50.488998
3837,3838,3835,64,60824.12225,12.0,57.333
3843,3844,3843,60,58828.504,13.0,84.584999
3844,3845,3845,59,18269.373625,12.0,54.553001
3846,3847,3847,58,72335.7325,12.0,46.543999
3851,3852,3850,64,31885.26225,12.0,50.215
3853,3854,3854,61,124775.726667,20.0,67.468002
3856,3857,3856,63,74954.97675,16.0,94.233002
3859,3860,3860,61,55170.06125,18.0,97.807999
3860,3861,3860,63,44045.386,16.0,91.349998
3862,3863,3863,63,315153.72,19.0,92.503998
3864,3865,3865,63,178500.6425,20.0,92.806999
3865,3866,3866,59,46335.50875,17.0,74.599998
3867,3868,3867,62,39399.527,18.0,85.012001
3869,3870,3870,58,44819.9933333,14.0,82.358002
3870,3871,3871,62,189373.33725,20.0,92.528999
3872,3873,3871,59,95024.698825,19.0,99.342003
3873,3874,3874,61,115639.169,16.0,97.669998
3874,3875,3874,63,77624.0615,16.0,90.867996
3877,3878,3876,59,32237.19355,14.0,30.393
3881,3882,3882,57,67930.219,16.0,89.268997
3882,3883,3882,59,35416.711,15.0,82.984001
3883,3884,3884,63,60153.91225,14.0,75.100998
3884,3885,3885,62,107329.74,16.0,100.0
3885,3886,3885,64,106938.35375,17.0,99.599998
3886,3887,3887,62,290577.16,19.0,100.0
3887,3888,3888,63,65128.84175,13.0,79.761002
3889,3890,3890,63,90486.53625,18.0,83.431
3891,3892,3892,62,81424.47775,16.0,93.864998
3893,3894,3894,61,47548.4435,16.0,92.888
3894,3895,3895,57,271677.325,20.0,93.614998
3900,3901,3901,58,49127.40825,15.0,84.705002
3901,3902,3901,63,87242.4605,16.0,99.914001
3903,3904,3903,62,49218.077,18.0,74.43
3904,3905,3905,61,226.434063333,12.0,12.01
3906,3907,3907,60,64648.794,13.0,82.182999
3909,3910,3910,63,40776.963,16.0,69.362999
3915,3916,3916,58,86568.215,18.0,77.033997
3916,3917,3917,60,28767.1035,14.0,22.794001
3919,3920,3920,62,35403.7925,12.0,53.785
3924,3925,3925,62,62689.61825,16.0,96.914001
3925,3926,3925,64,69615.61225,18.0,88.364998
3929,3930,3929,60,31145.73525,12.0,45.457001
3960,3961,3961,62,55498.14975,8.0,27.870001
3962,3963,3963,62,61351.9045,12.0,34.368999
3964,3965,3964,62,104825.71925,15.0,69.889999
3967,3968,3968,62,40758.129,16.0,92.320999
3970,3971,3971,62,95021.4485,17.0,99.021004
3972,3973,3973,60,48469.801,12.0,39.268002
3978,3979,3979,58,244479.2225,18.0,92.481003
3979,3980,3979,58,156389.7575,16.0,100.0
3983,3984,3984,60,176717.153333,16.0,82.152
3984,3985,3985,57,71258.28925,13.0,23.502001
3988,3989,3989,63,42077.457,12.0,37.625999
3993,3994,3994,64,16679.4968925,12.0,51.047001
3998,3999,3999,63,31174.41005,11.0,34.421001
3999,4000,3999,58,42256.697,7.0,20.639999
4003,4004,4004,58,48585.97775,12.0,60.943001
4008,4009,4009,64,20635.403,14.0,68.077003
4009,4010,4010,64,45456.10625,16.0,81.672997
4012,4013,4013,62,35533.30175,12.0,13.418
4013,4014,4013,64,50148.125,12.0,27.247
4021,4022,4022,63,70859.033,12.0,22.701
4024,4025,4025,62,16625.4269725,9.0,31.798
4028,4029,4028,63,100766.69,9.0,43.648998
4030,4031,4030,64,14529.111,13.0,0.94199997
4031,4032,4032,61,31676.68725,12.0,84.93
4035,4036,4033,64,60815.1825,12.0,44.242001
4041,4042,4042,60,76437.728,15.0,65.827003
4042,4043,4042,63,161926.9815,14.0,46.938999
4043,4044,4042,64,117797.36,14.0,27.021
4045,4046,4046,59,23838.4435,9.0,13.281
4046,4047,4046,62,25741.8355,9.0,8.4040003
4047,4048,4048,59,14035.3203333,11.0,79.940002
4051,4052,4052,63,0.0,13.0,85.777
4054,4055,4055,64,216260.5325,18.0,93.952003
4055,4056,4056,61,42501.1075,16.0,68.435997
4057,4058,4058,63,129526.9625,17.0,77.228996
4058,4059,4059,63,104536.288,18.0,96.789001
4060,4061,4061,61,14070.24025,12.0,33.624001
4061,4062,4061,63,48390.97475,12.0,78.162003
4063,4064,4063,64,31075.003,12.0,91.216003
4066,4067,4067,61,30356.1155,12.0,40.632999
4067,4068,4067,62,13473.71175,8.0,11.904
4075,4076,4076,60,48050.276725,12.0,57.165001
4080,4081,4080,64,46987.33525,12.0,12.918
4081,4082,4082,60,0.0,10.0,5.862
4085,4086,4086,57,40758.129,16.0,91.061996
4087,4088,4088,57,271677.325,13.0,78.525002
4089,4090,4090,63,65348.342,12.0,41.161999
4090,4091,4091,59,60629.222,12.0,46.741001
4097,4098,4097,63,45150.07525,9.0,12.622
4100,4101,4101,60,28442.088,12.0,28.066999
4101,4102,4102,62,47043.46675,12.0,73.264999
4103,4104,4103,60,40855.6213333,12.0,46.030998
4105,4106,4106,63,48069.51575,16.0,94.695
4110,4111,4110,64,72733.9685,11.0,0.47299999
4112,4113,4112,61,10470.876,12.0,8.4890003
4113,4114,4114,64,39052.0195,12.0,59.908001
4116,4117,4117,61,51763.16225,12.0,17.871
4117,4118,4117,62,14722.3193333,10.0,6.2030001
4118,4119,4119,57,24412.53325,9.0,9.9219999
4121,4122,4122,57,97493.069,17.0,95.956001
4126,4127,4127,61,51626.965,13.0,61.471001
4127,4128,4127,58,41745.837,12.0,38.548
4128,4129,4129,62,33319.7255,14.0,64.072998
4129,4130,4129,64,32608.35225,12.0,0.093999997
4137,4138,4138,63,5417.699875,9.0,1.124
4140,4141,4141,62,23229.346,9.0,48.238998
4142,4143,4143,63,52169.28675,12.0,62.963001
4154,4155,4155,64,14944.6483333,11.0,6.2740002
4155,4156,4156,62,58114.882,9.0,11.085
4157,4158,4157,63,11887.788,10.0,28.542
4158,4159,4159,60,53602.97275,12.0,20.127001
4160,4161,4161,63,47883.758,12.0,58.278
4163,4164,4164,61,48557.783,16.0,67.035004
4165,4166,4166,59,33529.3755,12.0,67.153
4170,4171,4170,61,88989.88475,16.0,92.380997
4171,4172,4172,62,62934.73725,15.0,88.545998
4188,4189,4189,64,0.0,5.0,6.0139999
4190,4191,4191,63,106257.230333,18.0,91.532997
4215,4216,4216,64,53799.61725,12.0,71.014999
4220,4221,4221,63,22995.9834,11.0,8.1070004
4224,4225,4225,57,37215.852,16.0,45.244999
4225,4226,4225,59,75070.90425,18.0,92.621002
4229,4230,4230,62,99503.57725,14.0,90.241997
4233,4234,4234,64,0.0,12.0,51.351002
4234,4235,4235,59,41874.233,10.0,13.072
4236,4237,4237,62,39265.785,12.0,60.57
4237,4238,4238,58,137575.49175,14.0,90.791
4238,4239,4238,60,53415.24425,12.0,37.654999
4239,4240,4238,58,52964.23325,12.0,63.549
4241,4242,4241,62,51236.9755,12.0,43.806
4243,4244,4244,61,0.0,16.0,92.202003
4244,4245,4244,62,46243.8515,14.0,64.894997
4246,4247,4246,62,83095.552,13.0,29.615999
4247,4248,4248,61,81588.0995,14.0,75.174004
4257,4258,4258,59,70029.08575,13.0,59.194
4259,4260,4260,57,62039.2305,13.0,91.347
4260,4261,4261,59,49637.1186667,8.0,16.688999
4262,4263,4262,63,32680.65,8.0,18.667999
4277,4278,4278,59,75301.258,12.0,62.811001
4278,4279,4279,58,81378.535,12.0,65.452003
4284,4285,4284,63,52879.58,16.0,50.640999
4287,4288,4288,63,43656.409,16.0,86.675003
4288,4289,4289,62,130444.665,20.0,95.554001
4292,4293,4293,57,69195.47075,16.0,90.514
4296,4297,4296,60,100331.502,13.0,62.172001
4297,4298,4298,62,126074.6225,16.0,92.568001
4298,4299,4298,63,78522.3345,16.0,73.295998
4300,4301,4301,59,28530.691,12.0,50.049
4301,4302,4302,61,57424.3025,19.0,80.481003
4302,4303,4302,63,32909.32825,12.0,53.555
4306,4307,4307,61,23832.97025,14.0,83.694
4308,4309,4309,62,228582.95,17.0,63.521999
4326,4327,4326,64,31074.259,12.0,78.064003
4327,4328,4328,58,31469.58575,12.0,47.451
4328,4329,4329,58,58653.1576667,12.0,65.403
4329,4330,4330,62,48514.45875,14.0,6.546
4331,4332,4332,60,14016.622,16.0,82.848
4332,4333,4332,62,32606.504,11.0,39.194
4334,4335,4335,60,41365.49625,11.0,15.933
4335,4336,4336,59,4544.187675,12.0,0.0
4337,4338,4338,62,0.0,12.0,58.604
4342,4343,4342,62,50562.823,13.0,44.721001
4346,4347,4347,59,0.0,12.0,36.771999
4347,4348,4348,64,35382.98225,14.0,61.514
4348,4349,4349,64,4925.03666667,10.0,1.6950001
4349,4350,4350,58,25423.7185,16.0,90.927002
4354,4355,4355,57,39287.083,16.0,68.337997
4356,4357,4357,58,80157.656,12.0,60.756001
4357,4358,4358,57,60574.05875,15.0,95.834999
4359,4360,4360,57,78663.63075,16.0,87.384003
4364,4365,4365,61,31612.8685,12.0,84.222
4369,4370,4370,60,44101.2005,12.0,40.361
4376,4377,4377,59,30332.881,12.0,12.465
4379,4380,4380,57,74145.826,13.0,78.565002
4381,4382,4382,62,49824.65425,14.0,98.695
4383,4384,4384,62,1580.4745,12.0,13.645
4386,4387,4387,62,65092.82325,16.0,96.857002
4389,4390,4390,64,27764.787525,12.0,25.823999
4393,4394,4393,61,198084.753333,12.0,50.823002
4394,4395,4395,58,58634.461,13.0,69.592003
4397,4398,4398,58,33006.50725,11.0,27.004
4400,4401,4399,64,32226.843,12.0,56.923
4402,4403,4402,59,59713.879,12.0,71.670998
4404,4405,4405,63,50333.5995,12.0,17.246
4405,4406,4406,61,190035.87575,17.0,95.700996
4406,4407,4407,61,271677.325,16.0,93.653999
4408,4409,4409,60,59961.788,13.0,29.568001
4409,4410,4409,61,71943.5605,15.0,58.528
4417,4418,4418,62,95102.305,16.0,50.669998
4420,4421,4421,63,48706.05175,15.0,90.380997
4425,4426,4426,59,271677.325,15.0,95.855003
4426,4427,4427,64,28248.53225,12.0,52.997002
4428,4429,4428,63,83322.50025,19.0,93.796997
4429,4430,4430,63,46046.5585,13.0,76.714996
4431,4432,4432,58,11096.210925,12.0,42.103001
4434,4435,4435,62,128.050953333,11.0,23.267
4435,4436,4435,63,327.214875,9.0,7.4710002
4442,4443,4443,60,48655.65975,12.0,26.497
4447,4448,4447,64,82146.0236667,15.0,94.558998
4452,4453,4453,57,77440.445,14.0,13.91
4460,4461,4459,62,28486.3895,11.0,9.5810003
4465,4466,4466,62,59413.73525,13.0,46.534
4466,4467,4466,64,17960.9765543,11.0,6.02
4467,4468,4468,58,85477.61725,13.0,63.043999
4469,4470,4468,62,46062.122,13.0,60.473
4470,4471,4471,63,160509.79,20.0,93.330002
4488,4489,4489,60,62909.648,12.0,11.388
4496,4497,4497,61,49438.4905,13.0,25.91
4497,4498,4497,63,25884.27555,12.0,61.508999
4499,4500,4500,62,23007.00025,14.0,21.318001
4500,4501,4500,64,44137.7305,8.0,45.181999
4502,4503,4502,61,27774.51575,11.0,4.8530002
4503,4504,4502,62,3709.168395,11.0,1.3329999
4506,4507,4506,64,0.0,10.0,5.0170002
4507,4508,4508,57,72155.4143333,16.0,57.865002
4508,4509,4509,63,89365.66025,13.0,98.904999
4510,4511,4510,59,55317.9025,14.0,68.723
4513,4514,4514,57,114087.0,15.0,83.128998
4516,4517,4517,60,105068.0485,16.0,26.622999
4517,4518,4517,64,60593.9835,14.0,30.349001
4518,4519,4519,62,56864.4485,12.0,38.736
4519,4520,4520,57,42814.87025,12.0,49.904999
4530,4531,4531,61,97491.4575,16.0,66.623001
4534,4535,4535,59,37202.589,14.0,100.0
4539,4540,4539,62,44804.73125,16.0,32.671001
4544,4545,4545,57,128145.96,12.0,52.813999
4546,4547,4547,60,24454.879,12.0,48.57
4547,4548,4548,63,95721.05275,16.0,89.281998
4548,4549,4549,64,0.0,16.0,64.269997
4549,4550,4550,58,59250.11725,16.0,76.531998
4551,4552,4552,64,56761.049,15.0,72.735001
4554,4555,4554,58,0.0,16.0,88.660004
4557,4558,4557,59,22624.81775,12.0,43.273998
4562,4563,4563,61,74292.95725,12.0,43.186001
4565,4566,4566,61,61274.6815,12.0,74.431
4568,4569,4569,60,83502.084,12.0,76.485001
4571,4572,4571,63,52521.11525,12.0,54.282001
4573,4574,4574,59,19681.39975,13.0,33.271999
4574,4575,4575,60,58310.1055,12.0,30.613001
4576,4577,4577,63,43146.81225,12.0,44.479
4578,4579,4578,61,41812.07925,12.0,84.058998
4582,4583,4580,64,18475.102,12.0,70.638
4585,4586,4585,64,53281.37175,12.0,85.959
4594,4595,4593,61,62818.94825,12.0,41.056
4595,4596,4596,58,57593.31025,12.0,66.350998
4596,4597,4596,61,436.2865,9.0,25.896
4600,4601,4601,57,48263.91975,12.0,17.388
4602,4603,4601,60,50958.738,12.0,32.445999
4604,4605,4605,58,0.0,13.0,92.690002
4605,4606,4605,59,2370.1738,16.0,83.831001
4606,4607,4605,58,60252.58,17.0,58.25
4607,4608,4608,61,38040.922,12.0,37.498001
4608,4609,4609,60,247508.4325,19.0,91.857002
4609,4610,4609,62,24454.879,12.0,73.870003
4611,4612,4612,58,23437.8975,12.0,71.625999
4618,4619,4619,61,1145.252075,10.0,12.411
4619,4620,4619,64,0.0,10.0,3.648
4620,4621,4621,61,102437.05075,12.0,66.439003
4622,4623,4622,64,55068.38775,12.0,22.535
4628,4629,4629,62,120284.605,13.0,56.109001
4629,4630,4629,63,118153.03,12.0,44.75
4632,4633,4633,59,80962.076,13.0,35.588001
4633,4634,4633,60,249206.69,16.0,68.487
4634,4635,4633,62,78876.631,14.0,92.940002
4635,4636,4636,60,90490.5765,14.0,31.028
4639,4640,4640,64,34030.348,12.0,28.839001
4641,4642,4642,64,90784.261,13.0,55.007
4642,4643,4643,62,25919.92975,13.0,24.298
4645,4646,4646,60,68916.76175,12.0,36.389999
4647,4648,4648,64,56680.57525,15.0,85.471001
4651,4652,4652,60,64894.84,16.0,92.295998
4653,4654,4653,64,16360.744,14.0,52.935001
4660,4661,4659,61,32462.5626667,14.0,78.036003
4665,4666,4665,58,259311.25,20.0,87.584999
4667,4668,4668,60,199033.035,16.0,81.304001
4668,4669,4668,64,42885.4695,14.0,30.372
4670,4671,4670,60,4740.34775,11.0,13.489
4672,4673,4673,57,36054.5595,12.0,9.4779997
4675,4676,4675,61,50072.44625,12.0,86.920998
4679,4680,4680,60,21962.629,12.0,71.683998
4680,4681,4681,61,9421.93875,10.0,10.844
4686,4687,4686,62,61983.49825,13.0,84.843002
4687,4688,4688,59,158437.9075,16.0,90.899002
4692,4693,4693,62,315153.72,16.0,47.504002
4697,4698,4698,64,97899.062,16.0,69.531998
4698,4699,4699,61,174554.6775,14.0,60.139999
4700,4701,4701,60,247508.4325,12.0,59.027
4701,4702,4701,63,88207.43,14.0,85.658997
4703,4704,4704,60,57968.4825,14.0,66.998001
4706,4707,4707,64,96808.0855,12.0,65.044998
4714,4715,4715,58,73296.133,15.0,97.433998
4715,4716,4716,59,56007.23175,12.0,8.573
4719,4720,4720,57,63411.5185,12.0,50.743
4721,4722,4722,61,35966.8955,12.0,44.638
4728,4729,4729,58,16791.728,12.0,45.692001
4730,4731,4731,59,13614.7895,11.0,16.497
4731,4732,4731,62,24008.70675,12.0,19.224001
4735,4736,4736,63,23281.45175,8.0,12.338
4736,4737,4737,59,46700.40125,16.0,67.580002
4737,4738,4738,57,68799.5371167,12.0,59.362
4739,4740,4740,64,19307.683,12.0,43.261002
4746,4747,4746,63,14398.535875,12.0,11.038
4749,4750,4749,61,37758.4866667,12.0,15.141
4751,4752,4752,63,31069.2255,12.0,60.219002
4754,4755,4755,62,69641.219,12.0,56.643002
4755,4756,4756,63,197475.335,17.0,100.0
4758,4759,4759,58,54137.926,12.0,41.731998
4759,4760,4760,63,40426.325,17.0,95.518997
4763,4764,4764,60,75213.61725,11.0,31.667999
4764,4765,4764,63,55879.288,12.0,66.228996
4766,4767,4767,58,49817.668,17.0,100.0
4769,4770,4769,63,34581.93925,12.0,56.987
4770,4771,4771,57,88447.22325,12.0,27.594999
4772,4773,4773,62,20587.84925,7.0,10.482
4774,4775,4775,58,24477.713,12.0,3.3239999
4775,4776,4776,62,54122.9805,12.0,11.451
4778,4779,4779,64,30488.288,12.0,16.440001
4780,4781,4781,58,21041.4745,9.0,11.341
4787,4788,4788,59,60793.3915,12.0,43.563999
4790,4791,4791,57,49851.2513333,12.0,13.667
4792,4793,4793,63,112502.438667,16.0,86.859001
4793,4794,4793,64,42767.45675,14.0,65.892998
4798,4799,4799,61,32291.218,13.0,93.853996
4799,4800,4800,58,8180.01033333,12.0,43.654999
4804,4805,4805,61,34610.066,14.0,61.977001
4805,4806,4805,59,7132.67275,12.0,47.827999
4807,4808,4807,60,58886.5275,12.0,77.514
4812,4813,4813,64,58551.2015,14.0,62.75
4815,4816,4815,63,271677.325,17.0,97.105003
4817,4818,4818,60,19374.8955,12.0,81.961998
4822,4823,4823,61,5167.9351,12.0,66.969002
4824,4825,4825,58,44673.45125,12.0,81.855003
4827,4828,4828,61,59859.6035,16.0,83.352997
4828,4829,4828,62,111073.62975,16.0,90.563004
4829,4830,4828,64,207296.705,16.0,93.010002
4830,4831,4828,64,57712.71775,17.0,95.502998
4831,4832,4832,61,74173.217,14.0,77.853996
4833,4834,4834,62,20719.78375,12.0,56.188
4834,4835,4834,62,54570.633,13.0,82.877998
4835,4836,4836,57,31247.9,10.0,22.304001
4839,4840,4840,62,23383.5845,15.0,84.43
4842,4843,4843,64,0.0,13.0,54.678001
4845,4846,4845,61,18474.662,12.0,57.363998
4846,4847,4845,63,40047.33325,12.0,74.518997
4849,4850,4848,64,20404.6053333,12.0,21.768999
4850,4851,4851,61,23096.273,13.0,25.771999
4853,4854,4854,62,44068.47175,14.0,71.422997
4854,4855,4854,64,0.0,12.0,72.614998
4855,4856,4856,62,70676.28125,14.0,72.897003
4856,4857,4857,57,88309.281,14.0,98.919998
4857,4858,4858,60,130048.503,12.0,75.431
4858,4859,4859,60,33069.868,14.0,91.949997
4859,4860,4859,63,40251.81125,12.0,26.923
4860,4861,4859,62,13342.2516,12.0,87.192001
4861,4862,4859,63,29105.58,13.0,92.938004
4865,4866,4866,57,69369.555,15.0,63.348
4874,4875,4874,63,0.0,14.0,46.806
4876,4877,4877,57,54988.171,16.0,95.272003
4878,4879,4879,57,32276.09925,12.0,65.963997
4880,4881,4881,58,81644.46675,14.0,66.585999
4882,4883,4883,57,50407.99325,13.0,50.386002
4883,4884,4884,58,39127.0255,12.0,67.232002
4887,4888,4887,60,45451.80575,12.0,57.352001
4888,4889,4889,57,71073.4325,14.0,78.181
4891,4892,4892,60,73478.055,16.0,56.758999
4893,4894,4894,62,78792.2165,16.0,77.628998
4894,4895,4895,64,65256.8145,16.0,79.498001
4895,4896,4896,58,77304.71475,16.0,80.641998
4896,4897,4896,61,84315.8185,16.0,76.176003
4897,4898,4896,62,0.0,12.0,70.619003
4899,4900,4900,57,47962.074,12.0,55.397999
4900,4901,4900,59,36759.32025,11.0,23.681999
4901,4902,4902,58,29836.8815,12.0,29.389999
4902,4903,4903,58,34339.674,12.0,28.531
4903,4904,4903,62,26551.671,12.0,21.305
4906,4907,4907,60,95149.17425,20.0,86.847
4910,4911,4911,61,37831.55935,12.0,70.097
4912,4913,4912,64,109749.9945,12.0,51.507
4913,4914,4914,59,35473.5465,12.0,25.611
4914,4915,4914,60,13831.5523,8.0,10.62
4916,4917,4917,58,10675.88775,12.0,9.0120001
4917,4918,4917,61,0.0,9.0,6.8080001
4920,4921,4921,59,65553.6976667,18.0,92.502998
4922,4923,4923,63,30214.54675,10.0,22.076
4925,4926,4926,58,51089.31625,12.0,51.554001
4931,4932,4932,57,30805.88125,12.0,49.438
4934,4935,4935,57,0.0,9.0,5.8189998
4935,4936,4935,59,16539.61175,7.0,23.679001
4936,4937,4935,63,22225.27325,8.0,7.1350002
4938,4939,4939,57,43891.8525,16.0,60.521999
4939,4940,4940,59,13088.596,8.0,10.132
4940,4941,4940,63,4718.17123333,7.0,12.179
4941,4942,4942,64,25675.5935,12.0,13.494
4943,4944,4944,57,58916.198,16.0,82.469002
4944,4945,4944,60,50621.204,12.0,25.492001
4959,4960,4960,58,80330.55225,10.0,21.164
4960,4961,4961,62,91019.5095,13.0,69.185997
4962,4963,4963,62,66812.68475,12.0,67.386002
4963,4964,4964,59,51626.965,16.0,77.417
4964,4965,4964,64,23096.273,15.0,74.028999
4976,4977,4977,60,20474.424,8.0,8.5170002
4981,4982,4982,60,0.0,9.0,36.771999
4982,4983,4982,63,34127.924,12.0,21.009001
4984,4985,4984,63,23689.1345,11.0,3.267
4985,4986,4986,57,130450.02,12.0,16.841
4995,4996,4996,59,61856.8655,16.0,63.825001
4997,4998,4997,62,64441.46975,18.0,80.393997
4999,5000,4999,58,271677.325,20.0,96.167
5003,5004,5003,60,50211.61725,16.0,57.761002
5004,5005,5003,63,43076.08325,16.0,62.365002
5005,5006,5006,63,271677.325,19.0,99.328003
5006,5007,5007,58,60691.823,12.0,18.040001
5011,5012,5012,64,230186.22675,20.0,87.153
5016,5017,5017,59,108560.49775,14.0,84.379997
5019,5020,5020,57,46633.40725,16.0,91.143997
5020,5021,5020,60,38262.079975,17.0,94.331001
5021,5022,5022,63,86492.47625,15.0,79.135002
5023,5024,5024,57,57163.6355,12.0,30.607
5028,5029,5028,61,204739.76425,16.0,100.0
5029,5030,5030,59,48909.758,16.0,79.473999
5030,5031,5030,63,28125.30275,14.0,56.438
5032,5033,5033,60,77178.23575,12.0,67.487999
5033,5034,5033,61,88073.5085,13.0,58.806999
5035,5036,5036,61,61323.2606667,17.0,96.695999
5038,5039,5039,63,85039.36925,17.0,66.719002
5047,5048,5048,59,43708.35725,14.0,71.788002
5050,5051,5049,64,56022.88075,12.0,69.975998
5053,5054,5054,60,35937.6505,12.0,44.084
5055,5056,5056,61,57061.383,12.0,48.464001
5066,5067,5067,62,123304.175,16.0,68.316002
5067,5068,5068,58,45724.2275,7.0,0.85100001
5081,5082,5082,63,3056.85975,12.0,3.2490001
5091,5092,5092,61,0.0,15.0,54.687
5092,5093,5092,63,133673.015,16.0,76.759003
5093,5094,5094,58,8846.2381,13.0,22.028999
5094,5095,5095,63,28338.22975,18.0,73.750999
5096,5097,5097,61,118981.85375,12.0,47.006001
5101,5102,5101,61,80623.181,14.0,48.967999
5105,5106,5106,63,190441.057,12.0,23.450001
5121,5122,5122,59,58391.10925,12.0,15.69
5128,5129,5129,63,33273.87525,16.0,86.306999
5129,5130,5130,62,14260.815,12.0,20.08
5131,5132,5132,60,20972.4906667,10.0,41.062
5138,5139,5139,57,13465.42075,12.0,17.763
5143,5144,5144,61,42056.0923333,12.0,50.547001
5144,5145,5145,59,9238.15465,11.0,81.861
5145,5146,5145,62,49429.165,12.0,2.6440001
5148,5149,5149,62,1777.6305,12.0,72.306
5155,5156,5156,63,0.0,13.0,58.126999
5157,5158,5158,60,85075.867,12.0,41.879002
5160,5161,5161,62,41855.5665,12.0,55.622002
5164,5165,5164,60,58223.29,12.0,19.065001
5165,5166,5166,64,66047.8115,16.0,98.686996
5166,5167,5167,60,72092.09075,12.0,30.097
5167,5168,5168,61,19049.196,15.0,73.681999
5169,5170,5170,58,76611.13475,20.0,83.498001
5171,5172,5172,58,13187.9448967,13.0,50.185001
5173,5174,5173,62,62386.866,13.0,84.442001
5177,5178,5178,61,54554.8845,13.0,70.507004
5180,5181,5181,61,107885.1195,14.0,67.194
5181,5182,5181,60,71143.242,10.0,5.665
5183,5184,5184,64,44308.92775,12.0,37.165001
5184,5185,5184,64,42611.7205,20.0,91.441002
5185,5186,5186,58,40648.2755,12.0,42.842999
5186,5187,5187,60,35181.9365,13.0,60.646
5191,5192,5191,61,24287.56075,12.0,24.073999
5193,5194,5191,64,27142.39175,12.0,70.467003
5196,5197,5197,63,97653.3085,16.0,72.334999
5204,5205,5205,64,88988.586,12.0,81.792999
5205,5206,5206,60,57532.326,13.0,39.419998
5206,5207,5207,58,9029.23366667,12.0,61.539001
5210,5211,5211,64,27349.66225,12.0,10.875
5214,5215,5215,62,23676.77225,10.0,10.577
5219,5220,5220,63,0.0,13.0,33.695
5222,5223,5223,59,50454.088,12.0,81.232002
5225,5226,5226,58,95716.13025,16.0,83.808998
5226,5227,5227,57,57133.4745,12.0,45.578999
5228,5229,5227,61,37852.50975,14.0,31.929001
5229,5230,5230,62,13.0885955,12.0,10.28
5234,5235,5235,64,59530.89375,13.0,13.793
5237,5238,5238,64,27996.1825,10.0,21.709999
5247,5248,5248,58,117960.5025,14.0,38.094002
5248,5249,5248,62,24836.5146667,13.0,56.266998
5249,5250,5248,64,50895.5693872,16.0,88.662003
5250,5251,5251,60,42048.94625,12.0,15.176
5251,5252,5251,62,14715.3573375,12.0,38.32
5253,5254,5254,64,69113.32825,13.0,48.243999
5256,5257,5257,58,33639.68025,12.0,21.705999
5259,5260,5260,61,0.0,12.0,23.608
5262,5263,5263,57,44202.4975,14.0,67.669998
5265,5266,5266,63,89939.7055,14.0,55.998001
5266,5267,5267,60,64078.28225,13.0,12.39
5268,5269,5269,62,18565.6685,11.0,19.642
5269,5270,5270,57,135.860445,9.0,19.174
5273,5274,5274,60,39396.38,12.0,42.703999
5277,5278,5277,64,63855.44075,12.0,27.724001
5280,5281,5279,61,43718.17025,9.0,14.764
5283,5284,5282,61,40104.82125,12.0,46.375999
5290,5291,5288,62,41634.588,12.0,15.276
5295,5296,5296,59,19265.53575,12.0,74.661003
5296,5297,5296,62,11274.5405,12.0,15.08
5299,5300,5300,64,71105.219,15.0,50.320999
5303,5304,5304,57,1777.6305,13.0,92.804001
5305,5306,5306,64,32226.23225,12.0,31.938999
5306,5307,5307,59,35135.388,12.0,22.362
5311,5312,5312,64,37749.99175,12.0,21.280001
5312,5313,5313,64,81650.32225,12.0,48.498001
5315,5316,5315,62,57221.90725,12.0,85.107002
5317,5318,5318,62,17963.1485,14.0,75.732002
5319,5320,5320,61,36739.8085,9.0,7.224
5320,5321,5321,58,10477.221175,12.0,72.919998
5321,5322,5321,57,53303.6351973,12.0,34.224998
5322,5323,5323,60,41714.5183333,10.0,11.326
5328,5329,5328,61,54997.5615,13.0,20.657
5333,5334,5334,60,89460.362,16.0,59.959
5334,5335,5335,59,123125.91,12.0,55.056999
5335,5336,5335,62,37347.69325,12.0,36.242001
5336,5337,5337,58,11466.101,12.0,42.660999
5341,5342,5340,63,77212.17975,16.0,71.119003
5342,5343,5343,60,47932.044,16.0,54.256001
5343,5344,5343,63,43217.4345,16.0,47.881001
5344,5345,5345,60,81516.258,15.0,73.369003
5345,5346,5345,62,74723.242,13.0,69.509003
5346,5347,5347,62,50044.22575,14.0,47.258999
5347,5348,5347,64,95574.111,16.0,71.463997
5349,5350,5350,60,30440.74,14.0,12.563
5351,5352,5350,60,123698.7375,16.0,63.248001
5353,5354,5353,59,21635.3835,12.0,31.190001
5355,5356,5356,62,42126.92975,12.0,69.093002
5356,5357,5356,64,36274.20225,12.0,26.187
5357,5358,5358,63,130347.418667,14.0,81.396004
5358,5359,5359,58,27087.701,12.0,70.598999
5360,5361,5361,61,15119.27345,14.0,44.731998
5361,5362,5362,60,69093.24425,12.0,61.583
5362,5363,5362,61,49594.6915,10.0,30.514
5363,5364,5362,62,59313.806,13.0,25.834
5364,5365,5362,64,52525.68275,13.0,18.621
5365,5366,5366,61,42110.12025,12.0,89.754997
5367,5368,5368,60,53353.22175,16.0,84.609001
5370,5371,5371,60,61888.9385,12.0,49.997002
5374,5375,5375,60,25431.2515,12.0,5.8629999
5376,5377,5377,60,41741.3825,12.0,85.856003
5378,5379,5379,61,35592.7415,12.0,29.795
5381,5382,5382,61,43490.13775,12.0,64.799004
5382,5383,5383,61,0.0,13.0,46.233002
5389,5390,5390,57,53847.9963333,14.0,71.096001
5391,5392,5392,63,32854.15275,13.0,72.595001
5393,5394,5394,62,46825.95925,18.0,71.790001
5394,5395,5394,64,28085.0245,17.0,63.289001
5395,5396,5396,60,75720.8985,12.0,55.256001
5397,5398,5397,63,104233.7985,15.0,82.620003
5398,5399,5399,62,30308.5683697,12.0,59.726002
5400,5401,5401,60,13847.8178,12.0,87.433998
5401,5402,5402,58,54764.9735,12.0,11.551
5404,5405,5405,62,13851.666,12.0,65.765999
5406,5407,5407,63,28346.1783333,10.0,18.973
5409,5410,5410,62,52851.3535,16.0,81.449997
5411,5412,5412,60,41255.07225,12.0,94.550003
5412,5413,5413,59,34634.337,12.0,41.724998
5413,5414,5413,59,287232.485,12.0,42.595001
5414,5415,5413,58,45744.39675,16.0,45.924
5415,5416,5416,60,20416.8185,16.0,97.934998
5416,5417,5416,61,172081.2025,12.0,79.360001
5417,5418,5416,63,62868.3225,12.0,50.639
5418,5419,5419,61,77971.08875,17.0,87.220001
5419,5420,5419,62,101575.8525,16.0,91.806999
5422,5423,5423,63,0.0,10.0,0.37099999
5429,5430,5430,59,38556.4375,16.0,75.195
5430,5431,5430,60,20831.86198,13.0,78.776001
5434,5435,5435,61,33257.964,12.0,60.361
5436,5437,5437,59,101214.3925,16.0,97.242996
5438,5439,5437,62,99842.22225,16.0,95.515999
5439,5440,5437,64,31765.997,12.0,91.857002
5440,5441,5441,61,11488.08725,14.0,31.355
5442,5443,5443,61,20620.5675,12.0,1.049
5443,5444,5444,63,7507.54465,8.0,21.660999
5445,5446,5446,59,8738.78755,9.0,10.31
5446,5447,5446,62,39420.33825,8.0,4.7470002
5448,5449,5448,64,19450.535575,7.0,6.4629998
5450,5451,5450,62,72485.59375,12.0,24.754
5455,5456,5456,64,24028.4845,12.0,15.308
5456,5457,5457,57,0.0,9.0,14.214
5460,5461,5461,64,78810.1835,8.0,0.58700001
5462,5463,5462,63,31449.107,12.0,21.518999
5467,5468,5468,62,15534.09475,8.0,9.0810003
5469,5470,5470,61,37232.72875,12.0,54.755001
5488,5489,5489,57,0.0,16.0,97.069
5490,5491,5490,62,42767.77825,12.0,47.421001
5492,5493,5493,60,38698.67525,12.0,32.743
5493,5494,5493,62,29715.5,12.0,50.188
5495,5496,5496,57,27505.525,11.0,7.3740001
5496,5497,5496,60,30687.3815,12.0,45.243
5498,5499,5499,59,62055.844,12.0,29.66
5499,5500,5500,64,36913.42575,14.0,51.598999
5500,5501,5501,63,26512.79925,13.0,35.292999
5503,5504,5504,63,105427.63575,15.0,74.157997
5511,5512,5511,63,42138.66775,13.0,63.118
5512,5513,5513,60,70682.30375,16.0,99.484001
5513,5514,5514,64,4156.54166667,12.0,46.875999
5518,5519,5519,62,24465.782,8.0,4.0960002
5519,5520,5520,62,32335.41275,9.0,14.126
5520,5521,5521,60,24121.935,12.0,85.655998
5524,5525,5524,61,29480.6405,8.0,10.313
5526,5527,5526,60,14335.83125,9.0,6.0229998
5528,5529,5529,60,50905.2385,10.0,7.5359998
5530,5531,5531,57,157723.66,12.0,66.286003
5534,5535,5534,63,14406.017,8.0,2.2379999
5539,5540,5540,63,194516.8715,14.0,31.907
5541,5542,5542,57,11509.2653333,12.0,25.916
5542,5543,5543,61,108308.69625,17.0,85.677002
5544,5545,5544,59,23260.1765,12.0,42.853001
5551,5552,5552,59,30663.9175,9.0,47.601002
5553,5554,5552,63,42315.026,9.0,45.473
5555,5556,5556,64,21221.26175,9.0,26.507
5557,5558,5558,62,38927.4785,12.0,0.162
5568,5569,5569,64,28496.4536667,12.0,42.633999
5572,5573,5573,57,44737.038,12.0,46.741001
5578,5579,5579,62,114576.945,12.0,57.348999
5579,5580,5579,63,46548.4895,12.0,35.796001
5584,5585,5585,63,46130.206,12.0,26.982
5585,5586,5586,61,37162.9965,12.0,30.346001
5586,5587,5587,57,106234.75125,12.0,87.587997
5587,5588,5588,57,45347.155,9.0,11.506
5589,5590,5590,59,39700.24225,16.0,77.375999
5591,5592,5592,59,27440.1496667,16.0,98.197998
5593,5594,5593,60,69026.9445,16.0,73.884003
5598,5599,5599,58,77091.0315,16.0,60.292
5600,5601,5601,58,6.5442977,12.0,9.552
5601,5602,5601,60,16303.252,9.0,15.291
5602,5603,5603,61,21022.069,9.0,10.81
5603,5604,5604,60,27163.6213333,9.0,1.0420001
5606,5607,5606,63,50713.7375,12.0,28.205
5607,5608,5608,61,12312.592,12.0,4.2420001
5620,5621,5620,64,61760.507,15.0,51.908001
5621,5622,5620,64,62271.133,16.0,39.891998
5622,5623,5623,58,107139.334,20.0,95.248001
5624,5625,5625,62,50773.127,12.0,66.276001
5648,5649,5649,57,58251.1298,13.0,71.982002
5649,5650,5650,61,48426.6045,12.0,5.572
5650,5651,5651,58,43898.54375,16.0,82.677002
5652,5653,5653,63,19257.662,12.0,66.906998
5654,5655,5655,61,92811.82075,16.0,82.060997
5657,5658,5658,57,36211.03925,14.0,62.167999
5659,5660,5660,60,80387.92325,12.0,65.848
5665,5666,5665,58,78360.09575,16.0,68.443001
5666,5667,5667,58,271677.325,20.0,97.274002
5667,5668,5668,57,103020.03975,12.0,70.575996
5670,5671,5670,63,23678.1945,12.0,86.781998
5676,5677,5677,64,65458.3125,12.0,64.580002
5677,5678,5678,58,35770.7276667,13.0,88.920998
5678,5679,5678,59,28472.68525,13.0,31.945
5687,5688,5688,57,13076.6626,12.0,24.163
5690,5691,5691,59,20660.555,11.0,35.575001
5693,5694,5694,63,8919.765475,12.0,58.345001
5695,5696,5694,59,63533.75,12.0,42.254002
5696,5697,5697,57,30316.854,12.0,42.212002
5697,5698,5698,57,48980.66325,13.0,62.535999
5698,5699,5698,58,76823.5665,13.0,97.537003
5699,5700,5700,60,60052.875,12.0,80.339996
5702,5703,5703,59,50816.995,14.0,74.362999
5703,5704,5703,60,36808.7715,12.0,59.481998
5710,5711,5710,64,42929.287,12.0,50.838001
5713,5714,5714,60,69408.535,12.0,33.268002
11750,11751,96,58,33286.1925,11.0,24.591999
11753,11754,11754,58,71412.48225,12.0,5.0440001
11754,11755,11754,64,27437.71,11.0,7.3499999
11757,11758,11758,64,52502.62875,18.0,80.188004
11758,11759,11759,64,59238.70325,12.0,40.534
11769,11770,11769,61,49679.39225,12.0,20.914
11774,11775,11774,64,112882.0985,14.0,86.490997
11779,11780,11780,61,144498.5,16.0,68.857002
11789,11790,11790,62,42719.002,13.0,35.299
11790,11791,11790,64,130787.827,16.0,66.502998
11792,11793,11793,61,50178.7656667,12.0,11.738
11805,11806,11806,64,77216.6975,13.0,43.089001
11808,11809,11808,63,55193.84175,16.0,68.468002
11809,11810,11810,57,0.0,12.0,1.127
11816,11817,11817,58,22598.8253333,10.0,13.198
11819,11820,11820,61,73884.118,16.0,62.701
11821,11822,11820,63,61009.28025,12.0,41.800999
11823,11824,11823,63,20971.2731,16.0,48.782001
11856,11857,11857,58,29764.1275,12.0,70.945999
11862,11863,11862,61,85848.336,12.0,78.549004
11871,11872,11872,61,38174.92325,13.0,81.931
11874,11875,11875,63,52611.1455,12.0,63.866001
11879,11880,11879,63,37845.0315,12.0,44.032001
11886,11887,11887,59,14795.065625,12.0,61.341
11887,11888,11888,61,43348.45675,12.0,39.393002
11888,11889,11888,64,45477.5335,16.0,68.263
11892,11893,11893,62,207035.195,19.0,94.632004
11910,11911,11911,59,35159.24225,13.0,56.834
11912,11913,11913,61,59441.58975,12.0,41.57
11913,11914,11913,60,39688.6095,10.0,27.573999
11916,11917,11917,58,64252.3875,12.0,62.411999
11919,11920,11920,63,246829.13,16.0,83.021004
11923,11924,11924,59,76361.7265,13.0,91.056999
11924,11925,11924,61,68045.85525,12.0,70.0
11925,11926,11924,62,48985.47825,12.0,86.514
11927,11928,11927,63,0.0,13.0,23.466999
11938,11939,11939,63,26277.59175,12.0,27.063999
11940,11941,11941,64,44059.31225,13.0,36.721001
11941,11942,11942,63,32087.3499,12.0,52.131001
11955,11956,11955,63,80743.82625,12.0,47.973999
11956,11957,11957,57,25964.1775,13.0,37.125
11962,11963,11962,64,138655.17,16.0,89.792999
11964,11965,11965,58,12680.3073333,18.0,75.806999
11972,11973,11973,57,71383.748,12.0,60.112999
11983,11984,11984,58,20379.064,18.0,34.721001
11989,11990,11990,57,57115.5825,18.0,85.632004
11993,11994,11994,62,42405.7375,12.0,53.337002
11996,11997,11997,64,41601.78225,13.0,19.617001
11997,11998,11998,59,55623.5175,15.0,88.703003
12005,12006,12006,60,31672.346,16.0,59.084999
12007,12008,12008,60,80280.7655,12.0,38.202
12008,12009,12009,63,39410.6385,11.0,51.549999
12011,12012,12012,60,72648.965,14.0,76.321999
12013,12014,12013,64,79968.74225,16.0,80.790001
12015,12016,12016,57,167819.9875,16.0,70.816002
12018,12019,12019,62,64618.4385,12.0,69.997002
12022,12023,12023,64,77243.25975,16.0,74.584999
12030,12031,12031,62,41861.15225,12.0,66.317001
12032,12033,12033,61,24625.184,12.0,50.335999
12038,12039,12039,61,25790.55,12.0,65.528
12039,12040,12039,64,15636.627,17.0,33.691002
12040,12041,12041,62,50651.54875,12.0,16.707001
12042,12043,12043,62,769.768435,8.0,5.8670001
12043,12044,12044,62,52963.86825,17.0,41.848
12044,12045,12045,57,43836.753,20.0,87.992996
12054,12055,12055,59,46342.538,12.0,49.365002
12055,12056,12056,60,119703.2325,15.0,76.886002
12063,12064,12063,60,265377.38,20.0,91.447998
12064,12065,12065,62,40925.158,10.0,45.810001
12066,12067,12067,60,63905.1756667,17.0,73.579002
12068,12069,12069,64,42695.78125,16.0,77.440002
12071,12072,12072,57,70976.69625,12.0,70.510002
12073,12074,12074,64,56372.701,12.0,62.890999
12074,12075,12075,62,271677.325,16.0,94.367996
12076,12077,12077,58,221667.17,16.0,88.938004
12078,12079,12079,60,33965.1095,11.0,6.164
12079,12080,12080,58,70970.50225,12.0,41.604
12080,12081,12081,61,48307.55575,12.0,55.226002
12081,12082,12082,59,4848.89633333,11.0,33.648998
12083,12084,12084,57,27715.90825,12.0,56.341999
12087,12088,12088,60,42785.97475,16.0,97.572998
12088,12089,12088,64,47144.72575,17.0,63.612999
12089,12090,12090,63,40500.6523333,12.0,53.959
12090,12091,12091,60,15256.12875,9.0,10.556
12092,12093,12092,64,57546.2285,12.0,59.264999
12094,12095,4996,60,65213.008,14.0,69.959
12099,12100,12100,62,48206.5313333,12.0,51.243
12100,12101,12101,60,61895.2695,20.0,85.384003
12105,12106,12104,64,89819.59125,18.0,76.524002
12109,12110,12110,64,88903.7475,16.0,56.116001
12111,12112,12112,62,33965.109,11.0,25.021
12115,12116,12116,63,59043.36525,16.0,74.244003
12118,12119,5599,57,55814.73325,16.0,54.283001
12121,12122,12122,57,61916.85375,8.0,20.531
12126,12127,12127,59,0.0,12.0,18.781
12133,12134,12134,59,24454.879,10.0,22.445999
12138,12139,12137,64,35401.95,12.0,29.169001
